Trafikkregistreringspunkt;Navn;Vegreferanse;Fra;Til;År;Måned;Trafikkmengde;Konfidensintervall start;Konfidensintervall slutt;Dekningsgrad (%);Antall døgn total;Antall døgn inkludert;Antall døgn ugyldig;Ikke gyldig lengde;Lengdekvalitetsgrad (%);Felt;< 5,6m;>= 5,6m;5,6m - 7,6m;7,6m - 12,5m;12,5m - 16,0m;>= 16,0m;16,0m - 24,0m;>= 24,0m
34219B1109528;Prestvannet Sykkel;KV21200 S1D1 m644;2022-01-01T00:00+01:00;2022-02-01T00:00+01:00;2022;1;38;30;46;100,0;31;31;0;38;0,0;1;-;-;-;-;-;-;-;-
34219B1109528;Prestvannet Sykkel;KV21200 S1D1 m644;2022-01-01T00:00+01:00;2022-02-01T00:00+01:00;2022;1;70;59;81;100,0;31;31;0;70;0,0;2;-;-;-;-;-;-;-;-
34219B1109528;Prestvannet Sykkel;KV21200 S1D1 m644;2022-01-01T00:00+01:00;2022-02-01T00:00+01:00;2022;1;70;59;81;100,0;31;31;0;70;0,0;Totalt i retning Vervarslinga i Nord-Norge;-;-;-;-;-;-;-;-
34219B1109528;Prestvannet Sykkel;KV21200 S1D1 m644;2022-01-01T00:00+01:00;2022-02-01T00:00+01:00;2022;1;38;30;46;100,0;31;31;0;38;0,0;Totalt i retning Rundkjøring-Fv862-Langnesbakken;-;-;-;-;-;-;-;-
34219B1109528;Prestvannet Sykkel;KV21200 S1D1 m644;2022-01-01T00:00+01:00;2022-02-01T00:00+01:00;2022;1;107;89;125;100,0;31;31;0;107;0,0;Totalt;-;-;-;-;-;-;-;-
34219B1109528;Prestvannet Sykkel;KV21200 S1D1 m644;2022-02-01T00:00+01:00;2022-03-01T00:00+01:00;2022;2;57;46;68;100,0;28;28;0;57;0,0;1;-;-;-;-;-;-;-;-
34219B1109528;Prestvannet Sykkel;KV21200 S1D1 m644;2022-02-01T00:00+01:00;2022-03-01T00:00+01:00;2022;2;89;74;104;100,0;28;28;0;89;0,0;2;-;-;-;-;-;-;-;-
34219B1109528;Prestvannet Sykkel;KV21200 S1D1 m644;2022-02-01T00:00+01:00;2022-03-01T00:00+01:00;2022;2;89;74;104;100,0;28;28;0;89;0,0;Totalt i retning Vervarslinga i Nord-Norge;-;-;-;-;-;-;-;-
34219B1109528;Prestvannet Sykkel;KV21200 S1D1 m644;2022-02-01T00:00+01:00;2022-03-01T00:00+01:00;2022;2;57;46;68;100,0;28;28;0;57;0,0;Totalt i retning Rundkjøring-Fv862-Langnesbakken;-;-;-;-;-;-;-;-
34219B1109528;Prestvannet Sykkel;KV21200 S1D1 m644;2022-02-01T00:00+01:00;2022-03-01T00:00+01:00;2022;2;146;120;172;100,0;28;28;0;146;0,0;Totalt;-;-;-;-;-;-;-;-
34219B1109528;Prestvannet Sykkel;KV21200 S1D1 m644;2022-03-01T00:00+01:00;2022-04-01T00:00+02:00;2022;3;65;54;76;100,0;31;31;0;65;0,0;1;-;-;-;-;-;-;-;-
34219B1109528;Prestvannet Sykkel;KV21200 S1D1 m644;2022-03-01T00:00+01:00;2022-04-01T00:00+02:00;2022;3;95;80;110;100,0;31;31;0;95;0,0;2;-;-;-;-;-;-;-;-
34219B1109528;Prestvannet Sykkel;KV21200 S1D1 m644;2022-03-01T00:00+01:00;2022-04-01T00:00+02:00;2022;3;95;80;110;100,0;31;31;0;95;0,0;Totalt i retning Vervarslinga i Nord-Norge;-;-;-;-;-;-;-;-
34219B1109528;Prestvannet Sykkel;KV21200 S1D1 m644;2022-03-01T00:00+01:00;2022-04-01T00:00+02:00;2022;3;65;54;76;100,0;31;31;0;65;0,0;Totalt i retning Rundkjøring-Fv862-Langnesbakken;-;-;-;-;-;-;-;-
34219B1109528;Prestvannet Sykkel;KV21200 S1D1 m644;2022-03-01T00:00+01:00;2022-04-01T00:00+02:00;2022;3;159;134;184;100,0;31;31;0;159;0,0;Totalt;-;-;-;-;-;-;-;-
34219B1109528;Prestvannet Sykkel;KV21200 S1D1 m644;2022-04-01T00:00+02:00;2022-05-01T00:00+02:00;2022;4;66;50;82;100,0;30;30;0;66;0,0;1;-;-;-;-;-;-;-;-
34219B1109528;Prestvannet Sykkel;KV21200 S1D1 m644;2022-04-01T00:00+02:00;2022-05-01T00:00+02:00;2022;4;98;76;120;100,0;30;30;0;98;0,0;2;-;-;-;-;-;-;-;-
34219B1109528;Prestvannet Sykkel;KV21200 S1D1 m644;2022-04-01T00:00+02:00;2022-05-01T00:00+02:00;2022;4;98;76;120;100,0;30;30;0;98;0,0;Totalt i retning Vervarslinga i Nord-Norge;-;-;-;-;-;-;-;-
34219B1109528;Prestvannet Sykkel;KV21200 S1D1 m644;2022-04-01T00:00+02:00;2022-05-01T00:00+02:00;2022;4;66;50;82;100,0;30;30;0;66;0,0;Totalt i retning Rundkjøring-Fv862-Langnesbakken;-;-;-;-;-;-;-;-
34219B1109528;Prestvannet Sykkel;KV21200 S1D1 m644;2022-04-01T00:00+02:00;2022-05-01T00:00+02:00;2022;4;164;126;202;100,0;30;30;0;164;0,0;Totalt;-;-;-;-;-;-;-;-
34219B1109528;Prestvannet Sykkel;KV21200 S1D1 m644;2022-05-01T00:00+02:00;2022-06-01T00:00+02:00;2022;5;114;89;139;100,0;31;31;0;114;0,0;1;-;-;-;-;-;-;-;-
34219B1109528;Prestvannet Sykkel;KV21200 S1D1 m644;2022-05-01T00:00+02:00;2022-06-01T00:00+02:00;2022;5;154;123;185;100,0;31;31;0;154;0,0;2;-;-;-;-;-;-;-;-
34219B1109528;Prestvannet Sykkel;KV21200 S1D1 m644;2022-05-01T00:00+02:00;2022-06-01T00:00+02:00;2022;5;154;123;185;100,0;31;31;0;154;0,0;Totalt i retning Vervarslinga i Nord-Norge;-;-;-;-;-;-;-;-
34219B1109528;Prestvannet Sykkel;KV21200 S1D1 m644;2022-05-01T00:00+02:00;2022-06-01T00:00+02:00;2022;5;114;89;139;100,0;31;31;0;114;0,0;Totalt i retning Rundkjøring-Fv862-Langnesbakken;-;-;-;-;-;-;-;-
34219B1109528;Prestvannet Sykkel;KV21200 S1D1 m644;2022-05-01T00:00+02:00;2022-06-01T00:00+02:00;2022;5;268;213;323;100,0;31;31;0;268;0,0;Totalt;-;-;-;-;-;-;-;-
34219B1109528;Prestvannet Sykkel;KV21200 S1D1 m644;2022-06-01T00:00+02:00;2022-07-01T00:00+02:00;2022;6;163;139;187;100,0;30;30;0;163;0,0;1;-;-;-;-;-;-;-;-
34219B1109528;Prestvannet Sykkel;KV21200 S1D1 m644;2022-06-01T00:00+02:00;2022-07-01T00:00+02:00;2022;6;215;187;243;100,0;30;30;0;215;0,0;2;-;-;-;-;-;-;-;-
34219B1109528;Prestvannet Sykkel;KV21200 S1D1 m644;2022-06-01T00:00+02:00;2022-07-01T00:00+02:00;2022;6;215;187;243;100,0;30;30;0;215;0,0;Totalt i retning Vervarslinga i Nord-Norge;-;-;-;-;-;-;-;-
34219B1109528;Prestvannet Sykkel;KV21200 S1D1 m644;2022-06-01T00:00+02:00;2022-07-01T00:00+02:00;2022;6;163;139;187;100,0;30;30;0;163;0,0;Totalt i retning Rundkjøring-Fv862-Langnesbakken;-;-;-;-;-;-;-;-
34219B1109528;Prestvannet Sykkel;KV21200 S1D1 m644;2022-06-01T00:00+02:00;2022-07-01T00:00+02:00;2022;6;378;326;430;100,0;30;30;0;378;0,0;Totalt;-;-;-;-;-;-;-;-
34219B1109528;Prestvannet Sykkel;KV21200 S1D1 m644;2022-07-01T00:00+02:00;2022-08-01T00:00+02:00;2022;7;83;71;95;100,0;31;31;0;83;0,0;1;-;-;-;-;-;-;-;-
34219B1109528;Prestvannet Sykkel;KV21200 S1D1 m644;2022-07-01T00:00+02:00;2022-08-01T00:00+02:00;2022;7;109;94;124;100,0;31;31;0;109;0,0;2;-;-;-;-;-;-;-;-
34219B1109528;Prestvannet Sykkel;KV21200 S1D1 m644;2022-07-01T00:00+02:00;2022-08-01T00:00+02:00;2022;7;109;94;124;100,0;31;31;0;109;0,0;Totalt i retning Vervarslinga i Nord-Norge;-;-;-;-;-;-;-;-
34219B1109528;Prestvannet Sykkel;KV21200 S1D1 m644;2022-07-01T00:00+02:00;2022-08-01T00:00+02:00;2022;7;83;71;95;100,0;31;31;0;83;0,0;Totalt i retning Rundkjøring-Fv862-Langnesbakken;-;-;-;-;-;-;-;-
34219B1109528;Prestvannet Sykkel;KV21200 S1D1 m644;2022-07-01T00:00+02:00;2022-08-01T00:00+02:00;2022;7;193;167;219;100,0;31;31;0;193;0,0;Totalt;-;-;-;-;-;-;-;-
34219B1109528;Prestvannet Sykkel;KV21200 S1D1 m644;2022-08-01T00:00+02:00;2022-09-01T00:00+02:00;2022;8;146;124;168;100,0;31;31;0;146;0,0;1;-;-;-;-;-;-;-;-
34219B1109528;Prestvannet Sykkel;KV21200 S1D1 m644;2022-08-01T00:00+02:00;2022-09-01T00:00+02:00;2022;8;198;167;229;100,0;31;31;0;198;0,0;2;-;-;-;-;-;-;-;-
34219B1109528;Prestvannet Sykkel;KV21200 S1D1 m644;2022-08-01T00:00+02:00;2022-09-01T00:00+02:00;2022;8;198;167;229;100,0;31;31;0;198;0,0;Totalt i retning Vervarslinga i Nord-Norge;-;-;-;-;-;-;-;-
34219B1109528;Prestvannet Sykkel;KV21200 S1D1 m644;2022-08-01T00:00+02:00;2022-09-01T00:00+02:00;2022;8;146;124;168;100,0;31;31;0;146;0,0;Totalt i retning Rundkjøring-Fv862-Langnesbakken;-;-;-;-;-;-;-;-
34219B1109528;Prestvannet Sykkel;KV21200 S1D1 m644;2022-08-01T00:00+02:00;2022-09-01T00:00+02:00;2022;8;344;291;397;100,0;31;31;0;344;0,0;Totalt;-;-;-;-;-;-;-;-
34219B1109528;Prestvannet Sykkel;KV21200 S1D1 m644;2022-09-01T00:00+02:00;2022-10-01T00:00+02:00;2022;9;169;147;191;100,0;30;30;0;169;0,0;1;-;-;-;-;-;-;-;-
34219B1109528;Prestvannet Sykkel;KV21200 S1D1 m644;2022-09-01T00:00+02:00;2022-10-01T00:00+02:00;2022;9;227;195;259;100,0;30;30;0;227;0,0;2;-;-;-;-;-;-;-;-
34219B1109528;Prestvannet Sykkel;KV21200 S1D1 m644;2022-09-01T00:00+02:00;2022-10-01T00:00+02:00;2022;9;227;195;259;100,0;30;30;0;227;0,0;Totalt i retning Vervarslinga i Nord-Norge;-;-;-;-;-;-;-;-
34219B1109528;Prestvannet Sykkel;KV21200 S1D1 m644;2022-09-01T00:00+02:00;2022-10-01T00:00+02:00;2022;9;169;147;191;100,0;30;30;0;169;0,0;Totalt i retning Rundkjøring-Fv862-Langnesbakken;-;-;-;-;-;-;-;-
34219B1109528;Prestvannet Sykkel;KV21200 S1D1 m644;2022-09-01T00:00+02:00;2022-10-01T00:00+02:00;2022;9;396;342;450;100,0;30;30;0;396;0,0;Totalt;-;-;-;-;-;-;-;-
34219B1109528;Prestvannet Sykkel;KV21200 S1D1 m644;2022-10-01T00:00+02:00;2022-11-01T00:00+01:00;2022;10;109;89;129;100,0;31;31;0;109;0,0;1;-;-;-;-;-;-;-;-
34219B1109528;Prestvannet Sykkel;KV21200 S1D1 m644;2022-10-01T00:00+02:00;2022-11-01T00:00+01:00;2022;10;153;127;179;100,0;31;31;0;153;0,0;2;-;-;-;-;-;-;-;-
34219B1109528;Prestvannet Sykkel;KV21200 S1D1 m644;2022-10-01T00:00+02:00;2022-11-01T00:00+01:00;2022;10;153;127;179;100,0;31;31;0;153;0,0;Totalt i retning Vervarslinga i Nord-Norge;-;-;-;-;-;-;-;-
34219B1109528;Prestvannet Sykkel;KV21200 S1D1 m644;2022-10-01T00:00+02:00;2022-11-01T00:00+01:00;2022;10;109;89;129;100,0;31;31;0;109;0,0;Totalt i retning Rundkjøring-Fv862-Langnesbakken;-;-;-;-;-;-;-;-
34219B1109528;Prestvannet Sykkel;KV21200 S1D1 m644;2022-10-01T00:00+02:00;2022-11-01T00:00+01:00;2022;10;262;216;308;100,0;31;31;0;262;0,0;Totalt;-;-;-;-;-;-;-;-
34219B1109528;Prestvannet Sykkel;KV21200 S1D1 m644;2022-11-01T00:00+01:00;2022-12-01T00:00+01:00;2022;11;94;79;109;96,7;30;29;1;94;0,0;1;-;-;-;-;-;-;-;-
34219B1109528;Prestvannet Sykkel;KV21200 S1D1 m644;2022-11-01T00:00+01:00;2022-12-01T00:00+01:00;2022;11;138;117;159;96,7;30;29;1;138;0,0;2;-;-;-;-;-;-;-;-
34219B1109528;Prestvannet Sykkel;KV21200 S1D1 m644;2022-11-01T00:00+01:00;2022-12-01T00:00+01:00;2022;11;138;117;159;96,7;30;29;1;138;0,0;Totalt i retning Vervarslinga i Nord-Norge;-;-;-;-;-;-;-;-
34219B1109528;Prestvannet Sykkel;KV21200 S1D1 m644;2022-11-01T00:00+01:00;2022-12-01T00:00+01:00;2022;11;94;79;109;96,7;30;29;1;94;0,0;Totalt i retning Rundkjøring-Fv862-Langnesbakken;-;-;-;-;-;-;-;-
34219B1109528;Prestvannet Sykkel;KV21200 S1D1 m644;2022-11-01T00:00+01:00;2022-12-01T00:00+01:00;2022;11;232;195;269;96,7;30;29;1;232;0,0;Totalt;-;-;-;-;-;-;-;-
34219B1109528;Prestvannet Sykkel;KV21200 S1D1 m644;2022-12-01T00:00+01:00;2023-01-01T00:00+01:00;2022;12;58;44;72;100,0;31;31;0;58;0,0;1;-;-;-;-;-;-;-;-
34219B1109528;Prestvannet Sykkel;KV21200 S1D1 m644;2022-12-01T00:00+01:00;2023-01-01T00:00+01:00;2022;12;78;59;97;100,0;31;31;0;78;0,0;2;-;-;-;-;-;-;-;-
34219B1109528;Prestvannet Sykkel;KV21200 S1D1 m644;2022-12-01T00:00+01:00;2023-01-01T00:00+01:00;2022;12;78;59;97;100,0;31;31;0;78;0,0;Totalt i retning Vervarslinga i Nord-Norge;-;-;-;-;-;-;-;-
34219B1109528;Prestvannet Sykkel;KV21200 S1D1 m644;2022-12-01T00:00+01:00;2023-01-01T00:00+01:00;2022;12;58;44;72;100,0;31;31;0;58;0,0;Totalt i retning Rundkjøring-Fv862-Langnesbakken;-;-;-;-;-;-;-;-
34219B1109528;Prestvannet Sykkel;KV21200 S1D1 m644;2022-12-01T00:00+01:00;2023-01-01T00:00+01:00;2022;12;136;104;168;100,0;31;31;0;136;0,0;Totalt;-;-;-;-;-;-;-;-
34219B1109528;Prestvannet Sykkel;KV21200 S1D1 m644;2023-01-01T00:00+01:00;2023-02-01T00:00+01:00;2023;1;70;56;84;100,0;31;31;0;70;0,0;1;-;-;-;-;-;-;-;-
34219B1109528;Prestvannet Sykkel;KV21200 S1D1 m644;2023-01-01T00:00+01:00;2023-02-01T00:00+01:00;2023;1;78;63;93;100,0;31;31;0;78;0,0;2;-;-;-;-;-;-;-;-
34219B1109528;Prestvannet Sykkel;KV21200 S1D1 m644;2023-01-01T00:00+01:00;2023-02-01T00:00+01:00;2023;1;78;63;93;100,0;31;31;0;78;0,0;Totalt i retning Vervarslinga i Nord-Norge;-;-;-;-;-;-;-;-
34219B1109528;Prestvannet Sykkel;KV21200 S1D1 m644;2023-01-01T00:00+01:00;2023-02-01T00:00+01:00;2023;1;70;56;84;100,0;31;31;0;70;0,0;Totalt i retning Rundkjøring-Fv862-Langnesbakken;-;-;-;-;-;-;-;-
34219B1109528;Prestvannet Sykkel;KV21200 S1D1 m644;2023-01-01T00:00+01:00;2023-02-01T00:00+01:00;2023;1;148;119;177;100,0;31;31;0;148;0,0;Totalt;-;-;-;-;-;-;-;-
34219B1109528;Prestvannet Sykkel;KV21200 S1D1 m644;2023-02-01T00:00+01:00;2023-03-01T00:00+01:00;2023;2;58;44;72;100,0;28;28;0;58;0,0;1;-;-;-;-;-;-;-;-
34219B1109528;Prestvannet Sykkel;KV21200 S1D1 m644;2023-02-01T00:00+01:00;2023-03-01T00:00+01:00;2023;2;79;62;96;100,0;28;28;0;79;0,0;2;-;-;-;-;-;-;-;-
34219B1109528;Prestvannet Sykkel;KV21200 S1D1 m644;2023-02-01T00:00+01:00;2023-03-01T00:00+01:00;2023;2;79;62;96;100,0;28;28;0;79;0,0;Totalt i retning Vervarslinga i Nord-Norge;-;-;-;-;-;-;-;-
34219B1109528;Prestvannet Sykkel;KV21200 S1D1 m644;2023-02-01T00:00+01:00;2023-03-01T00:00+01:00;2023;2;58;44;72;100,0;28;28;0;58;0,0;Totalt i retning Rundkjøring-Fv862-Langnesbakken;-;-;-;-;-;-;-;-
34219B1109528;Prestvannet Sykkel;KV21200 S1D1 m644;2023-02-01T00:00+01:00;2023-03-01T00:00+01:00;2023;2;137;106;168;100,0;28;28;0;137;0,0;Totalt;-;-;-;-;-;-;-;-
34219B1109528;Prestvannet Sykkel;KV21200 S1D1 m644;2023-03-01T00:00+01:00;2023-04-01T00:00+02:00;2023;3;41;31;51;100,0;31;31;0;41;0,0;1;-;-;-;-;-;-;-;-
34219B1109528;Prestvannet Sykkel;KV21200 S1D1 m644;2023-03-01T00:00+01:00;2023-04-01T00:00+02:00;2023;3;48;36;60;100,0;31;31;0;48;0,0;2;-;-;-;-;-;-;-;-
34219B1109528;Prestvannet Sykkel;KV21200 S1D1 m644;2023-03-01T00:00+01:00;2023-04-01T00:00+02:00;2023;3;48;36;60;100,0;31;31;0;48;0,0;Totalt i retning Vervarslinga i Nord-Norge;-;-;-;-;-;-;-;-
34219B1109528;Prestvannet Sykkel;KV21200 S1D1 m644;2023-03-01T00:00+01:00;2023-04-01T00:00+02:00;2023;3;41;31;51;100,0;31;31;0;41;0,0;Totalt i retning Rundkjøring-Fv862-Langnesbakken;-;-;-;-;-;-;-;-
34219B1109528;Prestvannet Sykkel;KV21200 S1D1 m644;2023-03-01T00:00+01:00;2023-04-01T00:00+02:00;2023;3;89;68;110;100,0;31;31;0;89;0,0;Totalt;-;-;-;-;-;-;-;-
34219B1109528;Prestvannet Sykkel;KV21200 S1D1 m644;2023-04-01T00:00+02:00;2023-05-01T00:00+02:00;2023;4;76;55;97;100,0;30;30;0;76;0,0;1;-;-;-;-;-;-;-;-
34219B1109528;Prestvannet Sykkel;KV21200 S1D1 m644;2023-04-01T00:00+02:00;2023-05-01T00:00+02:00;2023;4;114;84;144;100,0;30;30;0;114;0,0;2;-;-;-;-;-;-;-;-
34219B1109528;Prestvannet Sykkel;KV21200 S1D1 m644;2023-04-01T00:00+02:00;2023-05-01T00:00+02:00;2023;4;114;84;144;100,0;30;30;0;114;0,0;Totalt i retning Vervarslinga i Nord-Norge;-;-;-;-;-;-;-;-
34219B1109528;Prestvannet Sykkel;KV21200 S1D1 m644;2023-04-01T00:00+02:00;2023-05-01T00:00+02:00;2023;4;76;55;97;100,0;30;30;0;76;0,0;Totalt i retning Rundkjøring-Fv862-Langnesbakken;-;-;-;-;-;-;-;-
34219B1109528;Prestvannet Sykkel;KV21200 S1D1 m644;2023-04-01T00:00+02:00;2023-05-01T00:00+02:00;2023;4;191;140;242;100,0;30;30;0;191;0,0;Totalt;-;-;-;-;-;-;-;-
34219B1109528;Prestvannet Sykkel;KV21200 S1D1 m644;2023-05-01T00:00+02:00;2023-06-01T00:00+02:00;2023;5;122;102;142;100,0;31;31;0;122;0,0;1;-;-;-;-;-;-;-;-
34219B1109528;Prestvannet Sykkel;KV21200 S1D1 m644;2023-05-01T00:00+02:00;2023-06-01T00:00+02:00;2023;5;169;141;197;100,0;31;31;0;169;0,0;2;-;-;-;-;-;-;-;-
34219B1109528;Prestvannet Sykkel;KV21200 S1D1 m644;2023-05-01T00:00+02:00;2023-06-01T00:00+02:00;2023;5;169;141;197;100,0;31;31;0;169;0,0;Totalt i retning Vervarslinga i Nord-Norge;-;-;-;-;-;-;-;-
34219B1109528;Prestvannet Sykkel;KV21200 S1D1 m644;2023-05-01T00:00+02:00;2023-06-01T00:00+02:00;2023;5;122;102;142;100,0;31;31;0;122;0,0;Totalt i retning Rundkjøring-Fv862-Langnesbakken;-;-;-;-;-;-;-;-
34219B1109528;Prestvannet Sykkel;KV21200 S1D1 m644;2023-05-01T00:00+02:00;2023-06-01T00:00+02:00;2023;5;291;243;339;100,0;31;31;0;291;0,0;Totalt;-;-;-;-;-;-;-;-
38973B1816966;Tverrforbindelsen sykkel;EV8 S1D100 m2352;2022-01-01T00:00+01:00;2022-02-01T00:00+01:00;2022;1;97;77;117;100,0;31;31;0;97;0,0;1;-;-;-;-;-;-;-;-
38973B1816966;Tverrforbindelsen sykkel;EV8 S1D100 m2352;2022-01-01T00:00+01:00;2022-02-01T00:00+01:00;2022;1;96;75;117;100,0;31;31;0;96;0,0;2;-;-;-;-;-;-;-;-
38973B1816966;Tverrforbindelsen sykkel;EV8 S1D100 m2352;2022-01-01T00:00+01:00;2022-02-01T00:00+01:00;2022;1;97;77;117;100,0;31;31;0;97;0,0;Totalt i retning Sentrum;-;-;-;-;-;-;-;-
38973B1816966;Tverrforbindelsen sykkel;EV8 S1D100 m2352;2022-01-01T00:00+01:00;2022-02-01T00:00+01:00;2022;1;96;75;117;100,0;31;31;0;96;0,0;Totalt i retning Giæverbukta;-;-;-;-;-;-;-;-
38973B1816966;Tverrforbindelsen sykkel;EV8 S1D100 m2352;2022-01-01T00:00+01:00;2022-02-01T00:00+01:00;2022;1;193;152;234;100,0;31;31;0;193;0,0;Totalt;-;-;-;-;-;-;-;-
38973B1816966;Tverrforbindelsen sykkel;EV8 S1D100 m2352;2022-02-01T00:00+01:00;2022-03-01T00:00+01:00;2022;2;121;97;145;100,0;28;28;0;121;0,0;1;-;-;-;-;-;-;-;-
38973B1816966;Tverrforbindelsen sykkel;EV8 S1D100 m2352;2022-02-01T00:00+01:00;2022-03-01T00:00+01:00;2022;2;121;96;146;100,0;28;28;0;121;0,0;2;-;-;-;-;-;-;-;-
38973B1816966;Tverrforbindelsen sykkel;EV8 S1D100 m2352;2022-02-01T00:00+01:00;2022-03-01T00:00+01:00;2022;2;121;97;145;100,0;28;28;0;121;0,0;Totalt i retning Sentrum;-;-;-;-;-;-;-;-
38973B1816966;Tverrforbindelsen sykkel;EV8 S1D100 m2352;2022-02-01T00:00+01:00;2022-03-01T00:00+01:00;2022;2;121;96;146;100,0;28;28;0;121;0,0;Totalt i retning Giæverbukta;-;-;-;-;-;-;-;-
38973B1816966;Tverrforbindelsen sykkel;EV8 S1D100 m2352;2022-02-01T00:00+01:00;2022-03-01T00:00+01:00;2022;2;241;192;290;100,0;28;28;0;241;0,0;Totalt;-;-;-;-;-;-;-;-
38973B1816966;Tverrforbindelsen sykkel;EV8 S1D100 m2352;2022-03-01T00:00+01:00;2022-04-01T00:00+02:00;2022;3;137;110;164;100,0;31;31;0;137;0,0;1;-;-;-;-;-;-;-;-
38973B1816966;Tverrforbindelsen sykkel;EV8 S1D100 m2352;2022-03-01T00:00+01:00;2022-04-01T00:00+02:00;2022;3;133;108;158;100,0;31;31;0;133;0,0;2;-;-;-;-;-;-;-;-
38973B1816966;Tverrforbindelsen sykkel;EV8 S1D100 m2352;2022-03-01T00:00+01:00;2022-04-01T00:00+02:00;2022;3;137;110;164;100,0;31;31;0;137;0,0;Totalt i retning Sentrum;-;-;-;-;-;-;-;-
38973B1816966;Tverrforbindelsen sykkel;EV8 S1D100 m2352;2022-03-01T00:00+01:00;2022-04-01T00:00+02:00;2022;3;133;108;158;100,0;31;31;0;133;0,0;Totalt i retning Giæverbukta;-;-;-;-;-;-;-;-
38973B1816966;Tverrforbindelsen sykkel;EV8 S1D100 m2352;2022-03-01T00:00+01:00;2022-04-01T00:00+02:00;2022;3;270;218;322;100,0;31;31;0;270;0,0;Totalt;-;-;-;-;-;-;-;-
38973B1816966;Tverrforbindelsen sykkel;EV8 S1D100 m2352;2022-04-01T00:00+02:00;2022-05-01T00:00+02:00;2022;4;136;99;173;100,0;30;30;0;136;0,0;1;-;-;-;-;-;-;-;-
38973B1816966;Tverrforbindelsen sykkel;EV8 S1D100 m2352;2022-04-01T00:00+02:00;2022-05-01T00:00+02:00;2022;4;130;95;165;100,0;30;30;0;130;0,0;2;-;-;-;-;-;-;-;-
38973B1816966;Tverrforbindelsen sykkel;EV8 S1D100 m2352;2022-04-01T00:00+02:00;2022-05-01T00:00+02:00;2022;4;136;99;173;100,0;30;30;0;136;0,0;Totalt i retning Sentrum;-;-;-;-;-;-;-;-
38973B1816966;Tverrforbindelsen sykkel;EV8 S1D100 m2352;2022-04-01T00:00+02:00;2022-05-01T00:00+02:00;2022;4;130;95;165;100,0;30;30;0;130;0,0;Totalt i retning Giæverbukta;-;-;-;-;-;-;-;-
38973B1816966;Tverrforbindelsen sykkel;EV8 S1D100 m2352;2022-04-01T00:00+02:00;2022-05-01T00:00+02:00;2022;4;266;195;337;100,0;30;30;0;266;0,0;Totalt;-;-;-;-;-;-;-;-
38973B1816966;Tverrforbindelsen sykkel;EV8 S1D100 m2352;2022-05-01T00:00+02:00;2022-06-01T00:00+02:00;2022;5;187;146;228;100,0;31;31;0;187;0,0;1;-;-;-;-;-;-;-;-
38973B1816966;Tverrforbindelsen sykkel;EV8 S1D100 m2352;2022-05-01T00:00+02:00;2022-06-01T00:00+02:00;2022;5;192;148;236;100,0;31;31;0;192;0,0;2;-;-;-;-;-;-;-;-
38973B1816966;Tverrforbindelsen sykkel;EV8 S1D100 m2352;2022-05-01T00:00+02:00;2022-06-01T00:00+02:00;2022;5;187;146;228;100,0;31;31;0;187;0,0;Totalt i retning Sentrum;-;-;-;-;-;-;-;-
38973B1816966;Tverrforbindelsen sykkel;EV8 S1D100 m2352;2022-05-01T00:00+02:00;2022-06-01T00:00+02:00;2022;5;192;148;236;100,0;31;31;0;192;0,0;Totalt i retning Giæverbukta;-;-;-;-;-;-;-;-
38973B1816966;Tverrforbindelsen sykkel;EV8 S1D100 m2352;2022-05-01T00:00+02:00;2022-06-01T00:00+02:00;2022;5;378;292;464;100,0;31;31;0;378;0,0;Totalt;-;-;-;-;-;-;-;-
38973B1816966;Tverrforbindelsen sykkel;EV8 S1D100 m2352;2022-06-01T00:00+02:00;2022-07-01T00:00+02:00;2022;6;197;164;230;100,0;30;30;0;197;0,0;1;-;-;-;-;-;-;-;-
38973B1816966;Tverrforbindelsen sykkel;EV8 S1D100 m2352;2022-06-01T00:00+02:00;2022-07-01T00:00+02:00;2022;6;216;178;254;100,0;30;30;0;216;0,0;2;-;-;-;-;-;-;-;-
38973B1816966;Tverrforbindelsen sykkel;EV8 S1D100 m2352;2022-06-01T00:00+02:00;2022-07-01T00:00+02:00;2022;6;197;164;230;100,0;30;30;0;197;0,0;Totalt i retning Sentrum;-;-;-;-;-;-;-;-
38973B1816966;Tverrforbindelsen sykkel;EV8 S1D100 m2352;2022-06-01T00:00+02:00;2022-07-01T00:00+02:00;2022;6;216;178;254;100,0;30;30;0;216;0,0;Totalt i retning Giæverbukta;-;-;-;-;-;-;-;-
38973B1816966;Tverrforbindelsen sykkel;EV8 S1D100 m2352;2022-06-01T00:00+02:00;2022-07-01T00:00+02:00;2022;6;413;342;484;100,0;30;30;0;413;0,0;Totalt;-;-;-;-;-;-;-;-
38973B1816966;Tverrforbindelsen sykkel;EV8 S1D100 m2352;2022-07-01T00:00+02:00;2022-08-01T00:00+02:00;2022;7;110;92;128;100,0;31;31;0;110;0,0;1;-;-;-;-;-;-;-;-
38973B1816966;Tverrforbindelsen sykkel;EV8 S1D100 m2352;2022-07-01T00:00+02:00;2022-08-01T00:00+02:00;2022;7;114;94;134;100,0;31;31;0;114;0,0;2;-;-;-;-;-;-;-;-
38973B1816966;Tverrforbindelsen sykkel;EV8 S1D100 m2352;2022-07-01T00:00+02:00;2022-08-01T00:00+02:00;2022;7;110;92;128;100,0;31;31;0;110;0,0;Totalt i retning Sentrum;-;-;-;-;-;-;-;-
38973B1816966;Tverrforbindelsen sykkel;EV8 S1D100 m2352;2022-07-01T00:00+02:00;2022-08-01T00:00+02:00;2022;7;114;94;134;100,0;31;31;0;114;0,0;Totalt i retning Giæverbukta;-;-;-;-;-;-;-;-
38973B1816966;Tverrforbindelsen sykkel;EV8 S1D100 m2352;2022-07-01T00:00+02:00;2022-08-01T00:00+02:00;2022;7;224;187;261;100,0;31;31;0;224;0,0;Totalt;-;-;-;-;-;-;-;-
38973B1816966;Tverrforbindelsen sykkel;EV8 S1D100 m2352;2022-08-01T00:00+02:00;2022-09-01T00:00+02:00;2022;8;194;156;232;100,0;31;31;0;194;0,0;1;-;-;-;-;-;-;-;-
38973B1816966;Tverrforbindelsen sykkel;EV8 S1D100 m2352;2022-08-01T00:00+02:00;2022-09-01T00:00+02:00;2022;8;200;160;240;100,0;31;31;0;200;0,0;2;-;-;-;-;-;-;-;-
38973B1816966;Tverrforbindelsen sykkel;EV8 S1D100 m2352;2022-08-01T00:00+02:00;2022-09-01T00:00+02:00;2022;8;194;156;232;100,0;31;31;0;194;0,0;Totalt i retning Sentrum;-;-;-;-;-;-;-;-
38973B1816966;Tverrforbindelsen sykkel;EV8 S1D100 m2352;2022-08-01T00:00+02:00;2022-09-01T00:00+02:00;2022;8;200;160;240;100,0;31;31;0;200;0,0;Totalt i retning Giæverbukta;-;-;-;-;-;-;-;-
38973B1816966;Tverrforbindelsen sykkel;EV8 S1D100 m2352;2022-08-01T00:00+02:00;2022-09-01T00:00+02:00;2022;8;394;316;472;100,0;31;31;0;394;0,0;Totalt;-;-;-;-;-;-;-;-
38973B1816966;Tverrforbindelsen sykkel;EV8 S1D100 m2352;2022-09-01T00:00+02:00;2022-10-01T00:00+02:00;2022;9;227;190;264;100,0;30;30;0;227;0,0;1;-;-;-;-;-;-;-;-
38973B1816966;Tverrforbindelsen sykkel;EV8 S1D100 m2352;2022-09-01T00:00+02:00;2022-10-01T00:00+02:00;2022;9;239;198;280;100,0;30;30;0;239;0,0;2;-;-;-;-;-;-;-;-
38973B1816966;Tverrforbindelsen sykkel;EV8 S1D100 m2352;2022-09-01T00:00+02:00;2022-10-01T00:00+02:00;2022;9;227;190;264;100,0;30;30;0;227;0,0;Totalt i retning Sentrum;-;-;-;-;-;-;-;-
38973B1816966;Tverrforbindelsen sykkel;EV8 S1D100 m2352;2022-09-01T00:00+02:00;2022-10-01T00:00+02:00;2022;9;239;198;280;100,0;30;30;0;239;0,0;Totalt i retning Giæverbukta;-;-;-;-;-;-;-;-
38973B1816966;Tverrforbindelsen sykkel;EV8 S1D100 m2352;2022-09-01T00:00+02:00;2022-10-01T00:00+02:00;2022;9;466;388;544;100,0;30;30;0;466;0,0;Totalt;-;-;-;-;-;-;-;-
38973B1816966;Tverrforbindelsen sykkel;EV8 S1D100 m2352;2022-10-01T00:00+02:00;2022-11-01T00:00+01:00;2022;10;161;129;193;100,0;31;31;0;161;0,0;1;-;-;-;-;-;-;-;-
38973B1816966;Tverrforbindelsen sykkel;EV8 S1D100 m2352;2022-10-01T00:00+02:00;2022-11-01T00:00+01:00;2022;10;164;130;198;100,0;31;31;0;164;0,0;2;-;-;-;-;-;-;-;-
38973B1816966;Tverrforbindelsen sykkel;EV8 S1D100 m2352;2022-10-01T00:00+02:00;2022-11-01T00:00+01:00;2022;10;161;129;193;100,0;31;31;0;161;0,0;Totalt i retning Sentrum;-;-;-;-;-;-;-;-
38973B1816966;Tverrforbindelsen sykkel;EV8 S1D100 m2352;2022-10-01T00:00+02:00;2022-11-01T00:00+01:00;2022;10;164;130;198;100,0;31;31;0;164;0,0;Totalt i retning Giæverbukta;-;-;-;-;-;-;-;-
38973B1816966;Tverrforbindelsen sykkel;EV8 S1D100 m2352;2022-10-01T00:00+02:00;2022-11-01T00:00+01:00;2022;10;326;260;392;100,0;31;31;0;326;0,0;Totalt;-;-;-;-;-;-;-;-
38973B1816966;Tverrforbindelsen sykkel;EV8 S1D100 m2352;2022-11-01T00:00+01:00;2022-12-01T00:00+01:00;2022;11;172;141;203;100,0;30;30;0;172;0,0;1;-;-;-;-;-;-;-;-
38973B1816966;Tverrforbindelsen sykkel;EV8 S1D100 m2352;2022-11-01T00:00+01:00;2022-12-01T00:00+01:00;2022;11;174;142;206;100,0;30;30;0;174;0,0;2;-;-;-;-;-;-;-;-
38973B1816966;Tverrforbindelsen sykkel;EV8 S1D100 m2352;2022-11-01T00:00+01:00;2022-12-01T00:00+01:00;2022;11;172;141;203;100,0;30;30;0;172;0,0;Totalt i retning Sentrum;-;-;-;-;-;-;-;-
38973B1816966;Tverrforbindelsen sykkel;EV8 S1D100 m2352;2022-11-01T00:00+01:00;2022-12-01T00:00+01:00;2022;11;174;142;206;100,0;30;30;0;174;0,0;Totalt i retning Giæverbukta;-;-;-;-;-;-;-;-
38973B1816966;Tverrforbindelsen sykkel;EV8 S1D100 m2352;2022-11-01T00:00+01:00;2022-12-01T00:00+01:00;2022;11;346;283;409;100,0;30;30;0;346;0,0;Totalt;-;-;-;-;-;-;-;-
38973B1816966;Tverrforbindelsen sykkel;EV8 S1D100 m2352;2022-12-01T00:00+01:00;2023-01-01T00:00+01:00;2022;12;107;81;133;100,0;31;31;0;107;0,0;1;-;-;-;-;-;-;-;-
38973B1816966;Tverrforbindelsen sykkel;EV8 S1D100 m2352;2022-12-01T00:00+01:00;2023-01-01T00:00+01:00;2022;12;107;80;134;100,0;31;31;0;107;0,0;2;-;-;-;-;-;-;-;-
38973B1816966;Tverrforbindelsen sykkel;EV8 S1D100 m2352;2022-12-01T00:00+01:00;2023-01-01T00:00+01:00;2022;12;107;81;133;100,0;31;31;0;107;0,0;Totalt i retning Sentrum;-;-;-;-;-;-;-;-
38973B1816966;Tverrforbindelsen sykkel;EV8 S1D100 m2352;2022-12-01T00:00+01:00;2023-01-01T00:00+01:00;2022;12;107;80;134;100,0;31;31;0;107;0,0;Totalt i retning Giæverbukta;-;-;-;-;-;-;-;-
38973B1816966;Tverrforbindelsen sykkel;EV8 S1D100 m2352;2022-12-01T00:00+01:00;2023-01-01T00:00+01:00;2022;12;215;162;268;100,0;31;31;0;215;0,0;Totalt;-;-;-;-;-;-;-;-
38973B1816966;Tverrforbindelsen sykkel;EV8 S1D100 m2352;2023-01-01T00:00+01:00;2023-02-01T00:00+01:00;2023;1;183;145;221;100,0;31;31;0;183;0,0;1;-;-;-;-;-;-;-;-
38973B1816966;Tverrforbindelsen sykkel;EV8 S1D100 m2352;2023-01-01T00:00+01:00;2023-02-01T00:00+01:00;2023;1;187;149;225;100,0;31;31;0;187;0,0;2;-;-;-;-;-;-;-;-
38973B1816966;Tverrforbindelsen sykkel;EV8 S1D100 m2352;2023-01-01T00:00+01:00;2023-02-01T00:00+01:00;2023;1;183;145;221;100,0;31;31;0;183;0,0;Totalt i retning Sentrum;-;-;-;-;-;-;-;-
38973B1816966;Tverrforbindelsen sykkel;EV8 S1D100 m2352;2023-01-01T00:00+01:00;2023-02-01T00:00+01:00;2023;1;187;149;225;100,0;31;31;0;187;0,0;Totalt i retning Giæverbukta;-;-;-;-;-;-;-;-
38973B1816966;Tverrforbindelsen sykkel;EV8 S1D100 m2352;2023-01-01T00:00+01:00;2023-02-01T00:00+01:00;2023;1;370;294;446;100,0;31;31;0;370;0,0;Totalt;-;-;-;-;-;-;-;-
38973B1816966;Tverrforbindelsen sykkel;EV8 S1D100 m2352;2023-02-01T00:00+01:00;2023-03-01T00:00+01:00;2023;2;152;121;183;100,0;28;28;0;152;0,0;1;-;-;-;-;-;-;-;-
38973B1816966;Tverrforbindelsen sykkel;EV8 S1D100 m2352;2023-02-01T00:00+01:00;2023-03-01T00:00+01:00;2023;2;156;124;188;100,0;28;28;0;156;0,0;2;-;-;-;-;-;-;-;-
38973B1816966;Tverrforbindelsen sykkel;EV8 S1D100 m2352;2023-02-01T00:00+01:00;2023-03-01T00:00+01:00;2023;2;152;121;183;100,0;28;28;0;152;0,0;Totalt i retning Sentrum;-;-;-;-;-;-;-;-
38973B1816966;Tverrforbindelsen sykkel;EV8 S1D100 m2352;2023-02-01T00:00+01:00;2023-03-01T00:00+01:00;2023;2;156;124;188;100,0;28;28;0;156;0,0;Totalt i retning Giæverbukta;-;-;-;-;-;-;-;-
38973B1816966;Tverrforbindelsen sykkel;EV8 S1D100 m2352;2023-02-01T00:00+01:00;2023-03-01T00:00+01:00;2023;2;308;245;371;100,0;28;28;0;308;0,0;Totalt;-;-;-;-;-;-;-;-
38973B1816966;Tverrforbindelsen sykkel;EV8 S1D100 m2352;2023-03-01T00:00+01:00;2023-04-01T00:00+02:00;2023;3;138;110;166;100,0;31;31;0;138;0,0;1;-;-;-;-;-;-;-;-
38973B1816966;Tverrforbindelsen sykkel;EV8 S1D100 m2352;2023-03-01T00:00+01:00;2023-04-01T00:00+02:00;2023;3;140;111;169;100,0;31;31;0;140;0,0;2;-;-;-;-;-;-;-;-
38973B1816966;Tverrforbindelsen sykkel;EV8 S1D100 m2352;2023-03-01T00:00+01:00;2023-04-01T00:00+02:00;2023;3;138;110;166;100,0;31;31;0;138;0,0;Totalt i retning Sentrum;-;-;-;-;-;-;-;-
38973B1816966;Tverrforbindelsen sykkel;EV8 S1D100 m2352;2023-03-01T00:00+01:00;2023-04-01T00:00+02:00;2023;3;140;111;169;100,0;31;31;0;140;0,0;Totalt i retning Giæverbukta;-;-;-;-;-;-;-;-
38973B1816966;Tverrforbindelsen sykkel;EV8 S1D100 m2352;2023-03-01T00:00+01:00;2023-04-01T00:00+02:00;2023;3;277;220;334;100,0;31;31;0;277;0,0;Totalt;-;-;-;-;-;-;-;-
38973B1816966;Tverrforbindelsen sykkel;EV8 S1D100 m2352;2023-04-01T00:00+02:00;2023-05-01T00:00+02:00;2023;4;160;114;206;100,0;30;30;0;160;0,0;1;-;-;-;-;-;-;-;-
38973B1816966;Tverrforbindelsen sykkel;EV8 S1D100 m2352;2023-04-01T00:00+02:00;2023-05-01T00:00+02:00;2023;4;166;118;214;100,0;30;30;0;166;0,0;2;-;-;-;-;-;-;-;-
38973B1816966;Tverrforbindelsen sykkel;EV8 S1D100 m2352;2023-04-01T00:00+02:00;2023-05-01T00:00+02:00;2023;4;160;114;206;100,0;30;30;0;160;0,0;Totalt i retning Sentrum;-;-;-;-;-;-;-;-
38973B1816966;Tverrforbindelsen sykkel;EV8 S1D100 m2352;2023-04-01T00:00+02:00;2023-05-01T00:00+02:00;2023;4;166;118;214;100,0;30;30;0;166;0,0;Totalt i retning Giæverbukta;-;-;-;-;-;-;-;-
38973B1816966;Tverrforbindelsen sykkel;EV8 S1D100 m2352;2023-04-01T00:00+02:00;2023-05-01T00:00+02:00;2023;4;326;232;420;100,0;30;30;0;326;0,0;Totalt;-;-;-;-;-;-;-;-
38973B1816966;Tverrforbindelsen sykkel;EV8 S1D100 m2352;2023-05-01T00:00+02:00;2023-06-01T00:00+02:00;2023;5;205;161;249;100,0;31;31;0;205;0,0;1;-;-;-;-;-;-;-;-
38973B1816966;Tverrforbindelsen sykkel;EV8 S1D100 m2352;2023-05-01T00:00+02:00;2023-06-01T00:00+02:00;2023;5;217;169;265;100,0;31;31;0;217;0,0;2;-;-;-;-;-;-;-;-
38973B1816966;Tverrforbindelsen sykkel;EV8 S1D100 m2352;2023-05-01T00:00+02:00;2023-06-01T00:00+02:00;2023;5;205;161;249;100,0;31;31;0;205;0,0;Totalt i retning Sentrum;-;-;-;-;-;-;-;-
38973B1816966;Tverrforbindelsen sykkel;EV8 S1D100 m2352;2023-05-01T00:00+02:00;2023-06-01T00:00+02:00;2023;5;217;169;265;100,0;31;31;0;217;0,0;Totalt i retning Giæverbukta;-;-;-;-;-;-;-;-
38973B1816966;Tverrforbindelsen sykkel;EV8 S1D100 m2352;2023-05-01T00:00+02:00;2023-06-01T00:00+02:00;2023;5;422;330;514;100,0;31;31;0;422;0,0;Totalt;-;-;-;-;-;-;-;-
63127B1818223;Sandnessbrua sykkel;FV862 S2D100 m670;2022-01-01T00:00+01:00;2022-02-01T00:00+01:00;2022;1;66;50;82;100,0;31;31;0;66;0,0;1;-;-;-;-;-;-;-;-
63127B1818223;Sandnessbrua sykkel;FV862 S2D100 m670;2022-01-01T00:00+01:00;2022-02-01T00:00+01:00;2022;1;63;47;79;100,0;31;31;0;63;0,0;2;-;-;-;-;-;-;-;-
63127B1818223;Sandnessbrua sykkel;FV862 S2D100 m670;2022-01-01T00:00+01:00;2022-02-01T00:00+01:00;2022;1;63;47;79;100,0;31;31;0;63;0,0;Totalt i retning Langnes;-;-;-;-;-;-;-;-
63127B1818223;Sandnessbrua sykkel;FV862 S2D100 m670;2022-01-01T00:00+01:00;2022-02-01T00:00+01:00;2022;1;66;50;82;100,0;31;31;0;66;0,0;Totalt i retning Kvaløya;-;-;-;-;-;-;-;-
63127B1818223;Sandnessbrua sykkel;FV862 S2D100 m670;2022-01-01T00:00+01:00;2022-02-01T00:00+01:00;2022;1;130;98;162;100,0;31;31;0;130;0,0;Totalt;-;-;-;-;-;-;-;-
63127B1818223;Sandnessbrua sykkel;FV862 S2D100 m670;2022-02-01T00:00+01:00;2022-03-01T00:00+01:00;2022;2;89;70;108;100,0;28;28;0;89;0,0;1;-;-;-;-;-;-;-;-
63127B1818223;Sandnessbrua sykkel;FV862 S2D100 m670;2022-02-01T00:00+01:00;2022-03-01T00:00+01:00;2022;2;85;66;104;100,0;28;28;0;85;0,0;2;-;-;-;-;-;-;-;-
63127B1818223;Sandnessbrua sykkel;FV862 S2D100 m670;2022-02-01T00:00+01:00;2022-03-01T00:00+01:00;2022;2;85;66;104;100,0;28;28;0;85;0,0;Totalt i retning Langnes;-;-;-;-;-;-;-;-
63127B1818223;Sandnessbrua sykkel;FV862 S2D100 m670;2022-02-01T00:00+01:00;2022-03-01T00:00+01:00;2022;2;89;70;108;100,0;28;28;0;89;0,0;Totalt i retning Kvaløya;-;-;-;-;-;-;-;-
63127B1818223;Sandnessbrua sykkel;FV862 S2D100 m670;2022-02-01T00:00+01:00;2022-03-01T00:00+01:00;2022;2;174;136;212;100,0;28;28;0;174;0,0;Totalt;-;-;-;-;-;-;-;-
63127B1818223;Sandnessbrua sykkel;FV862 S2D100 m670;2022-03-01T00:00+01:00;2022-04-01T00:00+02:00;2022;3;100;80;120;100,0;31;31;0;100;0,0;1;-;-;-;-;-;-;-;-
63127B1818223;Sandnessbrua sykkel;FV862 S2D100 m670;2022-03-01T00:00+01:00;2022-04-01T00:00+02:00;2022;3;94;74;114;100,0;31;31;0;94;0,0;2;-;-;-;-;-;-;-;-
63127B1818223;Sandnessbrua sykkel;FV862 S2D100 m670;2022-03-01T00:00+01:00;2022-04-01T00:00+02:00;2022;3;94;74;114;100,0;31;31;0;94;0,0;Totalt i retning Langnes;-;-;-;-;-;-;-;-
63127B1818223;Sandnessbrua sykkel;FV862 S2D100 m670;2022-03-01T00:00+01:00;2022-04-01T00:00+02:00;2022;3;100;80;120;100,0;31;31;0;100;0,0;Totalt i retning Kvaløya;-;-;-;-;-;-;-;-
63127B1818223;Sandnessbrua sykkel;FV862 S2D100 m670;2022-03-01T00:00+01:00;2022-04-01T00:00+02:00;2022;3;194;154;234;100,0;31;31;0;194;0,0;Totalt;-;-;-;-;-;-;-;-
63127B1818223;Sandnessbrua sykkel;FV862 S2D100 m670;2022-04-01T00:00+02:00;2022-05-01T00:00+02:00;2022;4;102;73;131;100,0;30;30;0;102;0,0;1;-;-;-;-;-;-;-;-
63127B1818223;Sandnessbrua sykkel;FV862 S2D100 m670;2022-04-01T00:00+02:00;2022-05-01T00:00+02:00;2022;4;100;71;129;100,0;30;30;0;100;0,0;2;-;-;-;-;-;-;-;-
63127B1818223;Sandnessbrua sykkel;FV862 S2D100 m670;2022-04-01T00:00+02:00;2022-05-01T00:00+02:00;2022;4;100;71;129;100,0;30;30;0;100;0,0;Totalt i retning Langnes;-;-;-;-;-;-;-;-
63127B1818223;Sandnessbrua sykkel;FV862 S2D100 m670;2022-04-01T00:00+02:00;2022-05-01T00:00+02:00;2022;4;102;73;131;100,0;30;30;0;102;0,0;Totalt i retning Kvaløya;-;-;-;-;-;-;-;-
63127B1818223;Sandnessbrua sykkel;FV862 S2D100 m670;2022-04-01T00:00+02:00;2022-05-01T00:00+02:00;2022;4;202;144;260;100,0;30;30;0;202;0,0;Totalt;-;-;-;-;-;-;-;-
63127B1818223;Sandnessbrua sykkel;FV862 S2D100 m670;2022-05-01T00:00+02:00;2022-06-01T00:00+02:00;2022;5;178;132;224;100,0;31;31;0;178;0,0;1;-;-;-;-;-;-;-;-
63127B1818223;Sandnessbrua sykkel;FV862 S2D100 m670;2022-05-01T00:00+02:00;2022-06-01T00:00+02:00;2022;5;176;130;222;100,0;31;31;0;176;0,0;2;-;-;-;-;-;-;-;-
63127B1818223;Sandnessbrua sykkel;FV862 S2D100 m670;2022-05-01T00:00+02:00;2022-06-01T00:00+02:00;2022;5;176;130;222;100,0;31;31;0;176;0,0;Totalt i retning Langnes;-;-;-;-;-;-;-;-
63127B1818223;Sandnessbrua sykkel;FV862 S2D100 m670;2022-05-01T00:00+02:00;2022-06-01T00:00+02:00;2022;5;178;132;224;100,0;31;31;0;178;0,0;Totalt i retning Kvaløya;-;-;-;-;-;-;-;-
63127B1818223;Sandnessbrua sykkel;FV862 S2D100 m670;2022-05-01T00:00+02:00;2022-06-01T00:00+02:00;2022;5;353;261;445;100,0;31;31;0;353;0,0;Totalt;-;-;-;-;-;-;-;-
63127B1818223;Sandnessbrua sykkel;FV862 S2D100 m670;2022-06-01T00:00+02:00;2022-07-01T00:00+02:00;2022;6;228;192;264;100,0;30;30;0;228;0,0;1;-;-;-;-;-;-;-;-
63127B1818223;Sandnessbrua sykkel;FV862 S2D100 m670;2022-06-01T00:00+02:00;2022-07-01T00:00+02:00;2022;6;224;188;260;100,0;30;30;0;224;0,0;2;-;-;-;-;-;-;-;-
63127B1818223;Sandnessbrua sykkel;FV862 S2D100 m670;2022-06-01T00:00+02:00;2022-07-01T00:00+02:00;2022;6;224;188;260;100,0;30;30;0;224;0,0;Totalt i retning Langnes;-;-;-;-;-;-;-;-
63127B1818223;Sandnessbrua sykkel;FV862 S2D100 m670;2022-06-01T00:00+02:00;2022-07-01T00:00+02:00;2022;6;228;192;264;100,0;30;30;0;228;0,0;Totalt i retning Kvaløya;-;-;-;-;-;-;-;-
63127B1818223;Sandnessbrua sykkel;FV862 S2D100 m670;2022-06-01T00:00+02:00;2022-07-01T00:00+02:00;2022;6;452;380;524;100,0;30;30;0;452;0,0;Totalt;-;-;-;-;-;-;-;-
63127B1818223;Sandnessbrua sykkel;FV862 S2D100 m670;2022-07-01T00:00+02:00;2022-08-01T00:00+02:00;2022;7;132;110;154;100,0;31;31;0;132;0,0;1;-;-;-;-;-;-;-;-
63127B1818223;Sandnessbrua sykkel;FV862 S2D100 m670;2022-07-01T00:00+02:00;2022-08-01T00:00+02:00;2022;7;131;109;153;100,0;31;31;0;131;0,0;2;-;-;-;-;-;-;-;-
63127B1818223;Sandnessbrua sykkel;FV862 S2D100 m670;2022-07-01T00:00+02:00;2022-08-01T00:00+02:00;2022;7;131;109;153;100,0;31;31;0;131;0,0;Totalt i retning Langnes;-;-;-;-;-;-;-;-
63127B1818223;Sandnessbrua sykkel;FV862 S2D100 m670;2022-07-01T00:00+02:00;2022-08-01T00:00+02:00;2022;7;132;110;154;100,0;31;31;0;132;0,0;Totalt i retning Kvaløya;-;-;-;-;-;-;-;-
63127B1818223;Sandnessbrua sykkel;FV862 S2D100 m670;2022-07-01T00:00+02:00;2022-08-01T00:00+02:00;2022;7;263;220;306;100,0;31;31;0;263;0,0;Totalt;-;-;-;-;-;-;-;-
63127B1818223;Sandnessbrua sykkel;FV862 S2D100 m670;2022-08-01T00:00+02:00;2022-09-01T00:00+02:00;2022;8;199;162;236;100,0;31;31;0;199;0,0;1;-;-;-;-;-;-;-;-
63127B1818223;Sandnessbrua sykkel;FV862 S2D100 m670;2022-08-01T00:00+02:00;2022-09-01T00:00+02:00;2022;8;199;162;236;100,0;31;31;0;199;0,0;2;-;-;-;-;-;-;-;-
63127B1818223;Sandnessbrua sykkel;FV862 S2D100 m670;2022-08-01T00:00+02:00;2022-09-01T00:00+02:00;2022;8;199;162;236;100,0;31;31;0;199;0,0;Totalt i retning Langnes;-;-;-;-;-;-;-;-
63127B1818223;Sandnessbrua sykkel;FV862 S2D100 m670;2022-08-01T00:00+02:00;2022-09-01T00:00+02:00;2022;8;199;162;236;100,0;31;31;0;199;0,0;Totalt i retning Kvaløya;-;-;-;-;-;-;-;-
63127B1818223;Sandnessbrua sykkel;FV862 S2D100 m670;2022-08-01T00:00+02:00;2022-09-01T00:00+02:00;2022;8;398;324;472;100,0;31;31;0;398;0,0;Totalt;-;-;-;-;-;-;-;-
63127B1818223;Sandnessbrua sykkel;FV862 S2D100 m670;2022-09-01T00:00+02:00;2022-10-01T00:00+02:00;2022;9;223;186;260;100,0;30;30;0;223;0,0;1;-;-;-;-;-;-;-;-
63127B1818223;Sandnessbrua sykkel;FV862 S2D100 m670;2022-09-01T00:00+02:00;2022-10-01T00:00+02:00;2022;9;217;181;253;100,0;30;30;0;217;0,0;2;-;-;-;-;-;-;-;-
63127B1818223;Sandnessbrua sykkel;FV862 S2D100 m670;2022-09-01T00:00+02:00;2022-10-01T00:00+02:00;2022;9;217;181;253;100,0;30;30;0;217;0,0;Totalt i retning Langnes;-;-;-;-;-;-;-;-
63127B1818223;Sandnessbrua sykkel;FV862 S2D100 m670;2022-09-01T00:00+02:00;2022-10-01T00:00+02:00;2022;9;223;186;260;100,0;30;30;0;223;0,0;Totalt i retning Kvaløya;-;-;-;-;-;-;-;-
63127B1818223;Sandnessbrua sykkel;FV862 S2D100 m670;2022-09-01T00:00+02:00;2022-10-01T00:00+02:00;2022;9;440;368;512;100,0;30;30;0;440;0,0;Totalt;-;-;-;-;-;-;-;-
63127B1818223;Sandnessbrua sykkel;FV862 S2D100 m670;2022-10-01T00:00+02:00;2022-11-01T00:00+01:00;2022;10;137;108;166;100,0;31;31;0;137;0,0;1;-;-;-;-;-;-;-;-
63127B1818223;Sandnessbrua sykkel;FV862 S2D100 m670;2022-10-01T00:00+02:00;2022-11-01T00:00+01:00;2022;10;134;106;162;100,0;31;31;0;134;0,0;2;-;-;-;-;-;-;-;-
63127B1818223;Sandnessbrua sykkel;FV862 S2D100 m670;2022-10-01T00:00+02:00;2022-11-01T00:00+01:00;2022;10;134;106;162;100,0;31;31;0;134;0,0;Totalt i retning Langnes;-;-;-;-;-;-;-;-
63127B1818223;Sandnessbrua sykkel;FV862 S2D100 m670;2022-10-01T00:00+02:00;2022-11-01T00:00+01:00;2022;10;137;108;166;100,0;31;31;0;137;0,0;Totalt i retning Kvaløya;-;-;-;-;-;-;-;-
63127B1818223;Sandnessbrua sykkel;FV862 S2D100 m670;2022-10-01T00:00+02:00;2022-11-01T00:00+01:00;2022;10;271;214;328;100,0;31;31;0;271;0,0;Totalt;-;-;-;-;-;-;-;-
63127B1818223;Sandnessbrua sykkel;FV862 S2D100 m670;2022-11-01T00:00+01:00;2022-12-01T00:00+01:00;2022;11;143;117;169;100,0;30;30;0;143;0,0;1;-;-;-;-;-;-;-;-
63127B1818223;Sandnessbrua sykkel;FV862 S2D100 m670;2022-11-01T00:00+01:00;2022-12-01T00:00+01:00;2022;11;141;116;166;100,0;30;30;0;141;0,0;2;-;-;-;-;-;-;-;-
63127B1818223;Sandnessbrua sykkel;FV862 S2D100 m670;2022-11-01T00:00+01:00;2022-12-01T00:00+01:00;2022;11;141;116;166;100,0;30;30;0;141;0,0;Totalt i retning Langnes;-;-;-;-;-;-;-;-
63127B1818223;Sandnessbrua sykkel;FV862 S2D100 m670;2022-11-01T00:00+01:00;2022-12-01T00:00+01:00;2022;11;143;117;169;100,0;30;30;0;143;0,0;Totalt i retning Kvaløya;-;-;-;-;-;-;-;-
63127B1818223;Sandnessbrua sykkel;FV862 S2D100 m670;2022-11-01T00:00+01:00;2022-12-01T00:00+01:00;2022;11;284;233;335;100,0;30;30;0;284;0,0;Totalt;-;-;-;-;-;-;-;-
63127B1818223;Sandnessbrua sykkel;FV862 S2D100 m670;2022-12-01T00:00+01:00;2023-01-01T00:00+01:00;2022;12;81;60;102;100,0;31;31;0;81;0,0;1;-;-;-;-;-;-;-;-
63127B1818223;Sandnessbrua sykkel;FV862 S2D100 m670;2022-12-01T00:00+01:00;2023-01-01T00:00+01:00;2022;12;80;59;101;100,0;31;31;0;80;0,0;2;-;-;-;-;-;-;-;-
63127B1818223;Sandnessbrua sykkel;FV862 S2D100 m670;2022-12-01T00:00+01:00;2023-01-01T00:00+01:00;2022;12;80;59;101;100,0;31;31;0;80;0,0;Totalt i retning Langnes;-;-;-;-;-;-;-;-
63127B1818223;Sandnessbrua sykkel;FV862 S2D100 m670;2022-12-01T00:00+01:00;2023-01-01T00:00+01:00;2022;12;81;60;102;100,0;31;31;0;81;0,0;Totalt i retning Kvaløya;-;-;-;-;-;-;-;-
63127B1818223;Sandnessbrua sykkel;FV862 S2D100 m670;2022-12-01T00:00+01:00;2023-01-01T00:00+01:00;2022;12;161;119;203;100,0;31;31;0;161;0,0;Totalt;-;-;-;-;-;-;-;-
63127B1818223;Sandnessbrua sykkel;FV862 S2D100 m670;2023-01-01T00:00+01:00;2023-02-01T00:00+01:00;2023;1;142;110;174;100,0;31;31;0;142;0,0;1;-;-;-;-;-;-;-;-
63127B1818223;Sandnessbrua sykkel;FV862 S2D100 m670;2023-01-01T00:00+01:00;2023-02-01T00:00+01:00;2023;1;140;109;171;100,0;31;31;0;140;0,0;2;-;-;-;-;-;-;-;-
63127B1818223;Sandnessbrua sykkel;FV862 S2D100 m670;2023-01-01T00:00+01:00;2023-02-01T00:00+01:00;2023;1;140;109;171;100,0;31;31;0;140;0,0;Totalt i retning Langnes;-;-;-;-;-;-;-;-
63127B1818223;Sandnessbrua sykkel;FV862 S2D100 m670;2023-01-01T00:00+01:00;2023-02-01T00:00+01:00;2023;1;142;110;174;100,0;31;31;0;142;0,0;Totalt i retning Kvaløya;-;-;-;-;-;-;-;-
63127B1818223;Sandnessbrua sykkel;FV862 S2D100 m670;2023-01-01T00:00+01:00;2023-02-01T00:00+01:00;2023;1;282;220;344;100,0;31;31;0;282;0,0;Totalt;-;-;-;-;-;-;-;-
63127B1818223;Sandnessbrua sykkel;FV862 S2D100 m670;2023-02-01T00:00+01:00;2023-03-01T00:00+01:00;2023;2;115;89;141;100,0;28;28;0;115;0,0;1;-;-;-;-;-;-;-;-
63127B1818223;Sandnessbrua sykkel;FV862 S2D100 m670;2023-02-01T00:00+01:00;2023-03-01T00:00+01:00;2023;2;113;87;139;100,0;28;28;0;113;0,0;2;-;-;-;-;-;-;-;-
63127B1818223;Sandnessbrua sykkel;FV862 S2D100 m670;2023-02-01T00:00+01:00;2023-03-01T00:00+01:00;2023;2;113;87;139;100,0;28;28;0;113;0,0;Totalt i retning Langnes;-;-;-;-;-;-;-;-
63127B1818223;Sandnessbrua sykkel;FV862 S2D100 m670;2023-02-01T00:00+01:00;2023-03-01T00:00+01:00;2023;2;115;89;141;100,0;28;28;0;115;0,0;Totalt i retning Kvaløya;-;-;-;-;-;-;-;-
63127B1818223;Sandnessbrua sykkel;FV862 S2D100 m670;2023-02-01T00:00+01:00;2023-03-01T00:00+01:00;2023;2;229;177;281;100,0;28;28;0;229;0,0;Totalt;-;-;-;-;-;-;-;-
63127B1818223;Sandnessbrua sykkel;FV862 S2D100 m670;2023-03-01T00:00+01:00;2023-04-01T00:00+02:00;2023;3;106;82;130;100,0;31;31;0;106;0,0;1;-;-;-;-;-;-;-;-
63127B1818223;Sandnessbrua sykkel;FV862 S2D100 m670;2023-03-01T00:00+01:00;2023-04-01T00:00+02:00;2023;3;103;80;126;100,0;31;31;0;103;0,0;2;-;-;-;-;-;-;-;-
63127B1818223;Sandnessbrua sykkel;FV862 S2D100 m670;2023-03-01T00:00+01:00;2023-04-01T00:00+02:00;2023;3;103;80;126;100,0;31;31;0;103;0,0;Totalt i retning Langnes;-;-;-;-;-;-;-;-
63127B1818223;Sandnessbrua sykkel;FV862 S2D100 m670;2023-03-01T00:00+01:00;2023-04-01T00:00+02:00;2023;3;106;82;130;100,0;31;31;0;106;0,0;Totalt i retning Kvaløya;-;-;-;-;-;-;-;-
63127B1818223;Sandnessbrua sykkel;FV862 S2D100 m670;2023-03-01T00:00+01:00;2023-04-01T00:00+02:00;2023;3;209;163;255;100,0;31;31;0;209;0,0;Totalt;-;-;-;-;-;-;-;-
63127B1818223;Sandnessbrua sykkel;FV862 S2D100 m670;2023-04-01T00:00+02:00;2023-05-01T00:00+02:00;2023;4;112;73;151;100,0;30;30;0;112;0,0;1;-;-;-;-;-;-;-;-
63127B1818223;Sandnessbrua sykkel;FV862 S2D100 m670;2023-04-01T00:00+02:00;2023-05-01T00:00+02:00;2023;4;112;76;148;100,0;30;30;0;112;0,0;2;-;-;-;-;-;-;-;-
63127B1818223;Sandnessbrua sykkel;FV862 S2D100 m670;2023-04-01T00:00+02:00;2023-05-01T00:00+02:00;2023;4;112;76;148;100,0;30;30;0;112;0,0;Totalt i retning Langnes;-;-;-;-;-;-;-;-
63127B1818223;Sandnessbrua sykkel;FV862 S2D100 m670;2023-04-01T00:00+02:00;2023-05-01T00:00+02:00;2023;4;112;73;151;100,0;30;30;0;112;0,0;Totalt i retning Kvaløya;-;-;-;-;-;-;-;-
63127B1818223;Sandnessbrua sykkel;FV862 S2D100 m670;2023-04-01T00:00+02:00;2023-05-01T00:00+02:00;2023;4;223;149;297;100,0;30;30;0;223;0,0;Totalt;-;-;-;-;-;-;-;-
63127B1818223;Sandnessbrua sykkel;FV862 S2D100 m670;2023-05-01T00:00+02:00;2023-06-01T00:00+02:00;2023;5;0;0;0;100,0;31;31;0;0;-;1;-;-;-;-;-;-;-;-
63127B1818223;Sandnessbrua sykkel;FV862 S2D100 m670;2023-05-01T00:00+02:00;2023-06-01T00:00+02:00;2023;5;0;0;0;100,0;31;31;0;0;-;2;-;-;-;-;-;-;-;-
63127B1818223;Sandnessbrua sykkel;FV862 S2D100 m670;2023-05-01T00:00+02:00;2023-06-01T00:00+02:00;2023;5;0;0;0;100,0;31;31;0;0;-;Totalt i retning Langnes;-;-;-;-;-;-;-;-
63127B1818223;Sandnessbrua sykkel;FV862 S2D100 m670;2023-05-01T00:00+02:00;2023-06-01T00:00+02:00;2023;5;0;0;0;100,0;31;31;0;0;-;Totalt i retning Kvaløya;-;-;-;-;-;-;-;-
63127B1818223;Sandnessbrua sykkel;FV862 S2D100 m670;2023-05-01T00:00+02:00;2023-06-01T00:00+02:00;2023;5;0;0;0;100,0;31;31;0;0;-;Totalt;-;-;-;-;-;-;-;-
79978B1125914;Tromsøbrua sykkel;FV862 S1D1 m1710;2022-01-01T00:00+01:00;2022-02-01T00:00+01:00;2022;1;100;80;120;100,0;31;31;0;100;0,0;1;-;-;-;-;-;-;-;-
79978B1125914;Tromsøbrua sykkel;FV862 S1D1 m1710;2022-01-01T00:00+01:00;2022-02-01T00:00+01:00;2022;1;97;77;117;100,0;31;31;0;97;0,0;2;-;-;-;-;-;-;-;-
79978B1125914;Tromsøbrua sykkel;FV862 S1D1 m1710;2022-01-01T00:00+01:00;2022-02-01T00:00+01:00;2022;1;97;77;117;100,0;31;31;0;97;0,0;Totalt i retning Tromsdalen;-;-;-;-;-;-;-;-
79978B1125914;Tromsøbrua sykkel;FV862 S1D1 m1710;2022-01-01T00:00+01:00;2022-02-01T00:00+01:00;2022;1;100;80;120;100,0;31;31;0;100;0,0;Totalt i retning Sentrum;-;-;-;-;-;-;-;-
79978B1125914;Tromsøbrua sykkel;FV862 S1D1 m1710;2022-01-01T00:00+01:00;2022-02-01T00:00+01:00;2022;1;197;157;237;100,0;31;31;0;197;0,0;Totalt;-;-;-;-;-;-;-;-
79978B1125914;Tromsøbrua sykkel;FV862 S1D1 m1710;2022-02-01T00:00+01:00;2022-03-01T00:00+01:00;2022;2;104;84;124;100,0;28;28;0;104;0,0;1;-;-;-;-;-;-;-;-
79978B1125914;Tromsøbrua sykkel;FV862 S1D1 m1710;2022-02-01T00:00+01:00;2022-03-01T00:00+01:00;2022;2;94;75;113;100,0;28;28;0;94;0,0;2;-;-;-;-;-;-;-;-
79978B1125914;Tromsøbrua sykkel;FV862 S1D1 m1710;2022-02-01T00:00+01:00;2022-03-01T00:00+01:00;2022;2;94;75;113;100,0;28;28;0;94;0,0;Totalt i retning Tromsdalen;-;-;-;-;-;-;-;-
79978B1125914;Tromsøbrua sykkel;FV862 S1D1 m1710;2022-02-01T00:00+01:00;2022-03-01T00:00+01:00;2022;2;104;84;124;100,0;28;28;0;104;0,0;Totalt i retning Sentrum;-;-;-;-;-;-;-;-
79978B1125914;Tromsøbrua sykkel;FV862 S1D1 m1710;2022-02-01T00:00+01:00;2022-03-01T00:00+01:00;2022;2;198;159;237;100,0;28;28;0;198;0,0;Totalt;-;-;-;-;-;-;-;-
79978B1125914;Tromsøbrua sykkel;FV862 S1D1 m1710;2022-03-01T00:00+01:00;2022-04-01T00:00+02:00;2022;3;156;130;182;100,0;31;31;0;156;0,0;1;-;-;-;-;-;-;-;-
79978B1125914;Tromsøbrua sykkel;FV862 S1D1 m1710;2022-03-01T00:00+01:00;2022-04-01T00:00+02:00;2022;3;156;130;182;100,0;31;31;0;156;0,0;2;-;-;-;-;-;-;-;-
79978B1125914;Tromsøbrua sykkel;FV862 S1D1 m1710;2022-03-01T00:00+01:00;2022-04-01T00:00+02:00;2022;3;156;130;182;100,0;31;31;0;156;0,0;Totalt i retning Tromsdalen;-;-;-;-;-;-;-;-
79978B1125914;Tromsøbrua sykkel;FV862 S1D1 m1710;2022-03-01T00:00+01:00;2022-04-01T00:00+02:00;2022;3;156;130;182;100,0;31;31;0;156;0,0;Totalt i retning Sentrum;-;-;-;-;-;-;-;-
79978B1125914;Tromsøbrua sykkel;FV862 S1D1 m1710;2022-03-01T00:00+01:00;2022-04-01T00:00+02:00;2022;3;312;259;365;100,0;31;31;0;312;0,0;Totalt;-;-;-;-;-;-;-;-
79978B1125914;Tromsøbrua sykkel;FV862 S1D1 m1710;2022-04-01T00:00+02:00;2022-05-01T00:00+02:00;2022;4;162;124;200;100,0;30;30;0;162;0,0;1;-;-;-;-;-;-;-;-
79978B1125914;Tromsøbrua sykkel;FV862 S1D1 m1710;2022-04-01T00:00+02:00;2022-05-01T00:00+02:00;2022;4;163;125;201;100,0;30;30;0;163;0,0;2;-;-;-;-;-;-;-;-
79978B1125914;Tromsøbrua sykkel;FV862 S1D1 m1710;2022-04-01T00:00+02:00;2022-05-01T00:00+02:00;2022;4;163;125;201;100,0;30;30;0;163;0,0;Totalt i retning Tromsdalen;-;-;-;-;-;-;-;-
79978B1125914;Tromsøbrua sykkel;FV862 S1D1 m1710;2022-04-01T00:00+02:00;2022-05-01T00:00+02:00;2022;4;162;124;200;100,0;30;30;0;162;0,0;Totalt i retning Sentrum;-;-;-;-;-;-;-;-
79978B1125914;Tromsøbrua sykkel;FV862 S1D1 m1710;2022-04-01T00:00+02:00;2022-05-01T00:00+02:00;2022;4;326;250;402;100,0;30;30;0;326;0,0;Totalt;-;-;-;-;-;-;-;-
79978B1125914;Tromsøbrua sykkel;FV862 S1D1 m1710;2022-05-01T00:00+02:00;2022-06-01T00:00+02:00;2022;5;280;216;344;100,0;31;31;0;280;0,0;1;-;-;-;-;-;-;-;-
79978B1125914;Tromsøbrua sykkel;FV862 S1D1 m1710;2022-05-01T00:00+02:00;2022-06-01T00:00+02:00;2022;5;285;219;351;100,0;31;31;0;285;0,0;2;-;-;-;-;-;-;-;-
79978B1125914;Tromsøbrua sykkel;FV862 S1D1 m1710;2022-05-01T00:00+02:00;2022-06-01T00:00+02:00;2022;5;285;219;351;100,0;31;31;0;285;0,0;Totalt i retning Tromsdalen;-;-;-;-;-;-;-;-
79978B1125914;Tromsøbrua sykkel;FV862 S1D1 m1710;2022-05-01T00:00+02:00;2022-06-01T00:00+02:00;2022;5;280;216;344;100,0;31;31;0;280;0,0;Totalt i retning Sentrum;-;-;-;-;-;-;-;-
79978B1125914;Tromsøbrua sykkel;FV862 S1D1 m1710;2022-05-01T00:00+02:00;2022-06-01T00:00+02:00;2022;5;564;434;694;100,0;31;31;0;564;0,0;Totalt;-;-;-;-;-;-;-;-
79978B1125914;Tromsøbrua sykkel;FV862 S1D1 m1710;2022-06-01T00:00+02:00;2022-07-01T00:00+02:00;2022;6;466;408;524;100,0;30;30;0;466;0,0;1;-;-;-;-;-;-;-;-
79978B1125914;Tromsøbrua sykkel;FV862 S1D1 m1710;2022-06-01T00:00+02:00;2022-07-01T00:00+02:00;2022;6;484;425;543;100,0;30;30;0;484;0,0;2;-;-;-;-;-;-;-;-
79978B1125914;Tromsøbrua sykkel;FV862 S1D1 m1710;2022-06-01T00:00+02:00;2022-07-01T00:00+02:00;2022;6;484;425;543;100,0;30;30;0;484;0,0;Totalt i retning Tromsdalen;-;-;-;-;-;-;-;-
79978B1125914;Tromsøbrua sykkel;FV862 S1D1 m1710;2022-06-01T00:00+02:00;2022-07-01T00:00+02:00;2022;6;466;408;524;100,0;30;30;0;466;0,0;Totalt i retning Sentrum;-;-;-;-;-;-;-;-
79978B1125914;Tromsøbrua sykkel;FV862 S1D1 m1710;2022-06-01T00:00+02:00;2022-07-01T00:00+02:00;2022;6;950;832;1068;100,0;30;30;0;950;0,0;Totalt;-;-;-;-;-;-;-;-
79978B1125914;Tromsøbrua sykkel;FV862 S1D1 m1710;2022-07-01T00:00+02:00;2022-08-01T00:00+02:00;2022;7;298;260;336;100,0;31;31;0;298;0,0;1;-;-;-;-;-;-;-;-
79978B1125914;Tromsøbrua sykkel;FV862 S1D1 m1710;2022-07-01T00:00+02:00;2022-08-01T00:00+02:00;2022;7;306;266;346;100,0;31;31;0;306;0,0;2;-;-;-;-;-;-;-;-
79978B1125914;Tromsøbrua sykkel;FV862 S1D1 m1710;2022-07-01T00:00+02:00;2022-08-01T00:00+02:00;2022;7;306;266;346;100,0;31;31;0;306;0,0;Totalt i retning Tromsdalen;-;-;-;-;-;-;-;-
79978B1125914;Tromsøbrua sykkel;FV862 S1D1 m1710;2022-07-01T00:00+02:00;2022-08-01T00:00+02:00;2022;7;298;260;336;100,0;31;31;0;298;0,0;Totalt i retning Sentrum;-;-;-;-;-;-;-;-
79978B1125914;Tromsøbrua sykkel;FV862 S1D1 m1710;2022-07-01T00:00+02:00;2022-08-01T00:00+02:00;2022;7;603;526;680;100,0;31;31;0;603;0,0;Totalt;-;-;-;-;-;-;-;-
79978B1125914;Tromsøbrua sykkel;FV862 S1D1 m1710;2022-08-01T00:00+02:00;2022-09-01T00:00+02:00;2022;8;388;331;445;100,0;31;31;0;388;0,0;1;-;-;-;-;-;-;-;-
79978B1125914;Tromsøbrua sykkel;FV862 S1D1 m1710;2022-08-01T00:00+02:00;2022-09-01T00:00+02:00;2022;8;395;336;454;100,0;31;31;0;395;0,0;2;-;-;-;-;-;-;-;-
79978B1125914;Tromsøbrua sykkel;FV862 S1D1 m1710;2022-08-01T00:00+02:00;2022-09-01T00:00+02:00;2022;8;395;336;454;100,0;31;31;0;395;0,0;Totalt i retning Tromsdalen;-;-;-;-;-;-;-;-
79978B1125914;Tromsøbrua sykkel;FV862 S1D1 m1710;2022-08-01T00:00+02:00;2022-09-01T00:00+02:00;2022;8;388;331;445;100,0;31;31;0;388;0,0;Totalt i retning Sentrum;-;-;-;-;-;-;-;-
79978B1125914;Tromsøbrua sykkel;FV862 S1D1 m1710;2022-08-01T00:00+02:00;2022-09-01T00:00+02:00;2022;8;783;667;899;100,0;31;31;0;783;0,0;Totalt;-;-;-;-;-;-;-;-
79978B1125914;Tromsøbrua sykkel;FV862 S1D1 m1710;2022-09-01T00:00+02:00;2022-10-01T00:00+02:00;2022;9;393;341;445;100,0;30;30;0;393;0,0;1;-;-;-;-;-;-;-;-
79978B1125914;Tromsøbrua sykkel;FV862 S1D1 m1710;2022-09-01T00:00+02:00;2022-10-01T00:00+02:00;2022;9;401;348;454;100,0;30;30;0;401;0,0;2;-;-;-;-;-;-;-;-
79978B1125914;Tromsøbrua sykkel;FV862 S1D1 m1710;2022-09-01T00:00+02:00;2022-10-01T00:00+02:00;2022;9;401;348;454;100,0;30;30;0;401;0,0;Totalt i retning Tromsdalen;-;-;-;-;-;-;-;-
79978B1125914;Tromsøbrua sykkel;FV862 S1D1 m1710;2022-09-01T00:00+02:00;2022-10-01T00:00+02:00;2022;9;393;341;445;100,0;30;30;0;393;0,0;Totalt i retning Sentrum;-;-;-;-;-;-;-;-
79978B1125914;Tromsøbrua sykkel;FV862 S1D1 m1710;2022-09-01T00:00+02:00;2022-10-01T00:00+02:00;2022;9;794;689;899;100,0;30;30;0;794;0,0;Totalt;-;-;-;-;-;-;-;-
79978B1125914;Tromsøbrua sykkel;FV862 S1D1 m1710;2022-10-01T00:00+02:00;2022-11-01T00:00+01:00;2022;10;243;198;288;100,0;31;31;0;243;0,0;1;-;-;-;-;-;-;-;-
79978B1125914;Tromsøbrua sykkel;FV862 S1D1 m1710;2022-10-01T00:00+02:00;2022-11-01T00:00+01:00;2022;10;246;200;292;100,0;31;31;0;246;0,0;2;-;-;-;-;-;-;-;-
79978B1125914;Tromsøbrua sykkel;FV862 S1D1 m1710;2022-10-01T00:00+02:00;2022-11-01T00:00+01:00;2022;10;246;200;292;100,0;31;31;0;246;0,0;Totalt i retning Tromsdalen;-;-;-;-;-;-;-;-
79978B1125914;Tromsøbrua sykkel;FV862 S1D1 m1710;2022-10-01T00:00+02:00;2022-11-01T00:00+01:00;2022;10;243;198;288;100,0;31;31;0;243;0,0;Totalt i retning Sentrum;-;-;-;-;-;-;-;-
79978B1125914;Tromsøbrua sykkel;FV862 S1D1 m1710;2022-10-01T00:00+02:00;2022-11-01T00:00+01:00;2022;10;488;397;579;100,0;31;31;0;488;0,0;Totalt;-;-;-;-;-;-;-;-
79978B1125914;Tromsøbrua sykkel;FV862 S1D1 m1710;2022-11-01T00:00+01:00;2022-12-01T00:00+01:00;2022;11;232;194;270;100,0;30;30;0;232;0,0;1;-;-;-;-;-;-;-;-
79978B1125914;Tromsøbrua sykkel;FV862 S1D1 m1710;2022-11-01T00:00+01:00;2022-12-01T00:00+01:00;2022;11;233;195;271;100,0;30;30;0;233;0,0;2;-;-;-;-;-;-;-;-
79978B1125914;Tromsøbrua sykkel;FV862 S1D1 m1710;2022-11-01T00:00+01:00;2022-12-01T00:00+01:00;2022;11;233;195;271;100,0;30;30;0;233;0,0;Totalt i retning Tromsdalen;-;-;-;-;-;-;-;-
79978B1125914;Tromsøbrua sykkel;FV862 S1D1 m1710;2022-11-01T00:00+01:00;2022-12-01T00:00+01:00;2022;11;232;194;270;100,0;30;30;0;232;0,0;Totalt i retning Sentrum;-;-;-;-;-;-;-;-
79978B1125914;Tromsøbrua sykkel;FV862 S1D1 m1710;2022-11-01T00:00+01:00;2022-12-01T00:00+01:00;2022;11;466;390;542;100,0;30;30;0;466;0,0;Totalt;-;-;-;-;-;-;-;-
79978B1125914;Tromsøbrua sykkel;FV862 S1D1 m1710;2022-12-01T00:00+01:00;2023-01-01T00:00+01:00;2022;12;141;110;172;100,0;31;31;0;141;0,0;1;-;-;-;-;-;-;-;-
79978B1125914;Tromsøbrua sykkel;FV862 S1D1 m1710;2022-12-01T00:00+01:00;2023-01-01T00:00+01:00;2022;12;142;110;174;100,0;31;31;0;142;0,0;2;-;-;-;-;-;-;-;-
79978B1125914;Tromsøbrua sykkel;FV862 S1D1 m1710;2022-12-01T00:00+01:00;2023-01-01T00:00+01:00;2022;12;142;110;174;100,0;31;31;0;142;0,0;Totalt i retning Tromsdalen;-;-;-;-;-;-;-;-
79978B1125914;Tromsøbrua sykkel;FV862 S1D1 m1710;2022-12-01T00:00+01:00;2023-01-01T00:00+01:00;2022;12;141;110;172;100,0;31;31;0;141;0,0;Totalt i retning Sentrum;-;-;-;-;-;-;-;-
79978B1125914;Tromsøbrua sykkel;FV862 S1D1 m1710;2022-12-01T00:00+01:00;2023-01-01T00:00+01:00;2022;12;283;219;347;100,0;31;31;0;283;0,0;Totalt;-;-;-;-;-;-;-;-
79978B1125914;Tromsøbrua sykkel;FV862 S1D1 m1710;2023-01-01T00:00+01:00;2023-02-01T00:00+01:00;2023;1;222;178;266;100,0;31;31;0;222;0,0;1;-;-;-;-;-;-;-;-
79978B1125914;Tromsøbrua sykkel;FV862 S1D1 m1710;2023-01-01T00:00+01:00;2023-02-01T00:00+01:00;2023;1;224;179;269;100,0;31;31;0;224;0,0;2;-;-;-;-;-;-;-;-
79978B1125914;Tromsøbrua sykkel;FV862 S1D1 m1710;2023-01-01T00:00+01:00;2023-02-01T00:00+01:00;2023;1;224;179;269;100,0;31;31;0;224;0,0;Totalt i retning Tromsdalen;-;-;-;-;-;-;-;-
79978B1125914;Tromsøbrua sykkel;FV862 S1D1 m1710;2023-01-01T00:00+01:00;2023-02-01T00:00+01:00;2023;1;222;178;266;100,0;31;31;0;222;0,0;Totalt i retning Sentrum;-;-;-;-;-;-;-;-
79978B1125914;Tromsøbrua sykkel;FV862 S1D1 m1710;2023-01-01T00:00+01:00;2023-02-01T00:00+01:00;2023;1;446;357;535;100,0;31;31;0;446;0,0;Totalt;-;-;-;-;-;-;-;-
79978B1125914;Tromsøbrua sykkel;FV862 S1D1 m1710;2023-02-01T00:00+01:00;2023-03-01T00:00+01:00;2023;2;187;147;227;100,0;28;28;0;187;0,0;1;-;-;-;-;-;-;-;-
79978B1125914;Tromsøbrua sykkel;FV862 S1D1 m1710;2023-02-01T00:00+01:00;2023-03-01T00:00+01:00;2023;2;188;149;227;100,0;28;28;0;188;0,0;2;-;-;-;-;-;-;-;-
79978B1125914;Tromsøbrua sykkel;FV862 S1D1 m1710;2023-02-01T00:00+01:00;2023-03-01T00:00+01:00;2023;2;188;149;227;100,0;28;28;0;188;0,0;Totalt i retning Tromsdalen;-;-;-;-;-;-;-;-
79978B1125914;Tromsøbrua sykkel;FV862 S1D1 m1710;2023-02-01T00:00+01:00;2023-03-01T00:00+01:00;2023;2;187;147;227;100,0;28;28;0;187;0,0;Totalt i retning Sentrum;-;-;-;-;-;-;-;-
79978B1125914;Tromsøbrua sykkel;FV862 S1D1 m1710;2023-02-01T00:00+01:00;2023-03-01T00:00+01:00;2023;2;375;296;454;100,0;28;28;0;375;0,0;Totalt;-;-;-;-;-;-;-;-
79978B1125914;Tromsøbrua sykkel;FV862 S1D1 m1710;2023-03-01T00:00+01:00;2023-04-01T00:00+02:00;2023;3;101;76;126;100,0;31;31;0;101;0,0;1;-;-;-;-;-;-;-;-
79978B1125914;Tromsøbrua sykkel;FV862 S1D1 m1710;2023-03-01T00:00+01:00;2023-04-01T00:00+02:00;2023;3;101;76;126;100,0;31;31;0;101;0,0;2;-;-;-;-;-;-;-;-
79978B1125914;Tromsøbrua sykkel;FV862 S1D1 m1710;2023-03-01T00:00+01:00;2023-04-01T00:00+02:00;2023;3;101;76;126;100,0;31;31;0;101;0,0;Totalt i retning Tromsdalen;-;-;-;-;-;-;-;-
79978B1125914;Tromsøbrua sykkel;FV862 S1D1 m1710;2023-03-01T00:00+01:00;2023-04-01T00:00+02:00;2023;3;101;76;126;100,0;31;31;0;101;0,0;Totalt i retning Sentrum;-;-;-;-;-;-;-;-
79978B1125914;Tromsøbrua sykkel;FV862 S1D1 m1710;2023-03-01T00:00+01:00;2023-04-01T00:00+02:00;2023;3;202;152;252;100,0;31;31;0;202;0,0;Totalt;-;-;-;-;-;-;-;-
79978B1125914;Tromsøbrua sykkel;FV862 S1D1 m1710;2023-04-01T00:00+02:00;2023-05-01T00:00+02:00;2023;4;213;153;273;100,0;30;30;0;213;0,0;1;-;-;-;-;-;-;-;-
79978B1125914;Tromsøbrua sykkel;FV862 S1D1 m1710;2023-04-01T00:00+02:00;2023-05-01T00:00+02:00;2023;4;212;152;272;100,0;30;30;0;212;0,0;2;-;-;-;-;-;-;-;-
79978B1125914;Tromsøbrua sykkel;FV862 S1D1 m1710;2023-04-01T00:00+02:00;2023-05-01T00:00+02:00;2023;4;212;152;272;100,0;30;30;0;212;0,0;Totalt i retning Tromsdalen;-;-;-;-;-;-;-;-
79978B1125914;Tromsøbrua sykkel;FV862 S1D1 m1710;2023-04-01T00:00+02:00;2023-05-01T00:00+02:00;2023;4;213;153;273;100,0;30;30;0;213;0,0;Totalt i retning Sentrum;-;-;-;-;-;-;-;-
79978B1125914;Tromsøbrua sykkel;FV862 S1D1 m1710;2023-04-01T00:00+02:00;2023-05-01T00:00+02:00;2023;4;424;304;544;100,0;30;30;0;424;0,0;Totalt;-;-;-;-;-;-;-;-
79978B1125914;Tromsøbrua sykkel;FV862 S1D1 m1710;2023-05-01T00:00+02:00;2023-06-01T00:00+02:00;2023;5;316;255;377;100,0;31;31;0;316;0,0;1;-;-;-;-;-;-;-;-
79978B1125914;Tromsøbrua sykkel;FV862 S1D1 m1710;2023-05-01T00:00+02:00;2023-06-01T00:00+02:00;2023;5;319;257;381;100,0;31;31;0;319;0,0;2;-;-;-;-;-;-;-;-
79978B1125914;Tromsøbrua sykkel;FV862 S1D1 m1710;2023-05-01T00:00+02:00;2023-06-01T00:00+02:00;2023;5;319;257;381;100,0;31;31;0;319;0,0;Totalt i retning Tromsdalen;-;-;-;-;-;-;-;-
79978B1125914;Tromsøbrua sykkel;FV862 S1D1 m1710;2023-05-01T00:00+02:00;2023-06-01T00:00+02:00;2023;5;316;255;377;100,0;31;31;0;316;0,0;Totalt i retning Sentrum;-;-;-;-;-;-;-;-
79978B1125914;Tromsøbrua sykkel;FV862 S1D1 m1710;2023-05-01T00:00+02:00;2023-06-01T00:00+02:00;2023;5;635;512;758;100,0;31;31;0;635;0,0;Totalt;-;-;-;-;-;-;-;-
95912B1818982;Breivika sykkel;EV8 S2D100 m29;2022-01-01T00:00+01:00;2022-02-01T00:00+01:00;2022;1;47;37;57;100,0;31;31;0;47;0,0;1;-;-;-;-;-;-;-;-
95912B1818982;Breivika sykkel;EV8 S2D100 m29;2022-01-01T00:00+01:00;2022-02-01T00:00+01:00;2022;1;29;23;35;100,0;31;31;0;29;0,0;2;-;-;-;-;-;-;-;-
95912B1818982;Breivika sykkel;EV8 S2D100 m29;2022-01-01T00:00+01:00;2022-02-01T00:00+01:00;2022;1;47;37;57;100,0;31;31;0;47;0,0;Totalt i retning Breivika VGS;-;-;-;-;-;-;-;-
95912B1818982;Breivika sykkel;EV8 S2D100 m29;2022-01-01T00:00+01:00;2022-02-01T00:00+01:00;2022;1;29;23;35;100,0;31;31;0;29;0,0;Totalt i retning Terjevika;-;-;-;-;-;-;-;-
95912B1818982;Breivika sykkel;EV8 S2D100 m29;2022-01-01T00:00+01:00;2022-02-01T00:00+01:00;2022;1;75;60;90;100,0;31;31;0;75;0,0;Totalt;-;-;-;-;-;-;-;-
95912B1818982;Breivika sykkel;EV8 S2D100 m29;2022-02-01T00:00+01:00;2022-03-01T00:00+01:00;2022;2;56;44;68;100,0;28;28;0;56;0,0;1;-;-;-;-;-;-;-;-
95912B1818982;Breivika sykkel;EV8 S2D100 m29;2022-02-01T00:00+01:00;2022-03-01T00:00+01:00;2022;2;36;29;43;100,0;28;28;0;36;0,0;2;-;-;-;-;-;-;-;-
95912B1818982;Breivika sykkel;EV8 S2D100 m29;2022-02-01T00:00+01:00;2022-03-01T00:00+01:00;2022;2;56;44;68;100,0;28;28;0;56;0,0;Totalt i retning Breivika VGS;-;-;-;-;-;-;-;-
95912B1818982;Breivika sykkel;EV8 S2D100 m29;2022-02-01T00:00+01:00;2022-03-01T00:00+01:00;2022;2;36;29;43;100,0;28;28;0;36;0,0;Totalt i retning Terjevika;-;-;-;-;-;-;-;-
95912B1818982;Breivika sykkel;EV8 S2D100 m29;2022-02-01T00:00+01:00;2022-03-01T00:00+01:00;2022;2;92;73;111;100,0;28;28;0;92;0,0;Totalt;-;-;-;-;-;-;-;-
95912B1818982;Breivika sykkel;EV8 S2D100 m29;2022-03-01T00:00+01:00;2022-04-01T00:00+02:00;2022;3;62;50;74;100,0;31;31;0;62;0,0;1;-;-;-;-;-;-;-;-
95912B1818982;Breivika sykkel;EV8 S2D100 m29;2022-03-01T00:00+01:00;2022-04-01T00:00+02:00;2022;3;52;42;62;100,0;31;31;0;52;0,0;2;-;-;-;-;-;-;-;-
95912B1818982;Breivika sykkel;EV8 S2D100 m29;2022-03-01T00:00+01:00;2022-04-01T00:00+02:00;2022;3;62;50;74;100,0;31;31;0;62;0,0;Totalt i retning Breivika VGS;-;-;-;-;-;-;-;-
95912B1818982;Breivika sykkel;EV8 S2D100 m29;2022-03-01T00:00+01:00;2022-04-01T00:00+02:00;2022;3;52;42;62;100,0;31;31;0;52;0,0;Totalt i retning Terjevika;-;-;-;-;-;-;-;-
95912B1818982;Breivika sykkel;EV8 S2D100 m29;2022-03-01T00:00+01:00;2022-04-01T00:00+02:00;2022;3;113;92;134;100,0;31;31;0;113;0,0;Totalt;-;-;-;-;-;-;-;-
95912B1818982;Breivika sykkel;EV8 S2D100 m29;2022-04-01T00:00+02:00;2022-05-01T00:00+02:00;2022;4;61;47;75;100,0;30;30;0;61;0,0;1;-;-;-;-;-;-;-;-
95912B1818982;Breivika sykkel;EV8 S2D100 m29;2022-04-01T00:00+02:00;2022-05-01T00:00+02:00;2022;4;58;44;72;100,0;30;30;0;58;0,0;2;-;-;-;-;-;-;-;-
95912B1818982;Breivika sykkel;EV8 S2D100 m29;2022-04-01T00:00+02:00;2022-05-01T00:00+02:00;2022;4;61;47;75;100,0;30;30;0;61;0,0;Totalt i retning Breivika VGS;-;-;-;-;-;-;-;-
95912B1818982;Breivika sykkel;EV8 S2D100 m29;2022-04-01T00:00+02:00;2022-05-01T00:00+02:00;2022;4;58;44;72;100,0;30;30;0;58;0,0;Totalt i retning Terjevika;-;-;-;-;-;-;-;-
95912B1818982;Breivika sykkel;EV8 S2D100 m29;2022-04-01T00:00+02:00;2022-05-01T00:00+02:00;2022;4;119;91;147;100,0;30;30;0;119;0,0;Totalt;-;-;-;-;-;-;-;-
95912B1818982;Breivika sykkel;EV8 S2D100 m29;2022-05-01T00:00+02:00;2022-06-01T00:00+02:00;2022;5;104;81;127;100,0;31;31;0;104;0,0;1;-;-;-;-;-;-;-;-
95912B1818982;Breivika sykkel;EV8 S2D100 m29;2022-05-01T00:00+02:00;2022-06-01T00:00+02:00;2022;5;95;74;116;100,0;31;31;0;95;0,0;2;-;-;-;-;-;-;-;-
95912B1818982;Breivika sykkel;EV8 S2D100 m29;2022-05-01T00:00+02:00;2022-06-01T00:00+02:00;2022;5;104;81;127;100,0;31;31;0;104;0,0;Totalt i retning Breivika VGS;-;-;-;-;-;-;-;-
95912B1818982;Breivika sykkel;EV8 S2D100 m29;2022-05-01T00:00+02:00;2022-06-01T00:00+02:00;2022;5;95;74;116;100,0;31;31;0;95;0,0;Totalt i retning Terjevika;-;-;-;-;-;-;-;-
95912B1818982;Breivika sykkel;EV8 S2D100 m29;2022-05-01T00:00+02:00;2022-06-01T00:00+02:00;2022;5;199;155;243;100,0;31;31;0;199;0,0;Totalt;-;-;-;-;-;-;-;-
95912B1818982;Breivika sykkel;EV8 S2D100 m29;2022-06-01T00:00+02:00;2022-07-01T00:00+02:00;2022;6;153;132;174;100,0;30;30;0;153;0,0;1;-;-;-;-;-;-;-;-
95912B1818982;Breivika sykkel;EV8 S2D100 m29;2022-06-01T00:00+02:00;2022-07-01T00:00+02:00;2022;6;143;121;165;100,0;30;30;0;143;0,0;2;-;-;-;-;-;-;-;-
95912B1818982;Breivika sykkel;EV8 S2D100 m29;2022-06-01T00:00+02:00;2022-07-01T00:00+02:00;2022;6;153;132;174;100,0;30;30;0;153;0,0;Totalt i retning Breivika VGS;-;-;-;-;-;-;-;-
95912B1818982;Breivika sykkel;EV8 S2D100 m29;2022-06-01T00:00+02:00;2022-07-01T00:00+02:00;2022;6;143;121;165;100,0;30;30;0;143;0,0;Totalt i retning Terjevika;-;-;-;-;-;-;-;-
95912B1818982;Breivika sykkel;EV8 S2D100 m29;2022-06-01T00:00+02:00;2022-07-01T00:00+02:00;2022;6;296;253;339;100,0;30;30;0;296;0,0;Totalt;-;-;-;-;-;-;-;-
95912B1818982;Breivika sykkel;EV8 S2D100 m29;2022-07-01T00:00+02:00;2022-08-01T00:00+02:00;2022;7;106;93;119;100,0;31;31;0;106;0,0;1;-;-;-;-;-;-;-;-
95912B1818982;Breivika sykkel;EV8 S2D100 m29;2022-07-01T00:00+02:00;2022-08-01T00:00+02:00;2022;7;93;80;106;100,0;31;31;0;93;0,0;2;-;-;-;-;-;-;-;-
95912B1818982;Breivika sykkel;EV8 S2D100 m29;2022-07-01T00:00+02:00;2022-08-01T00:00+02:00;2022;7;106;93;119;100,0;31;31;0;106;0,0;Totalt i retning Breivika VGS;-;-;-;-;-;-;-;-
95912B1818982;Breivika sykkel;EV8 S2D100 m29;2022-07-01T00:00+02:00;2022-08-01T00:00+02:00;2022;7;93;80;106;100,0;31;31;0;93;0,0;Totalt i retning Terjevika;-;-;-;-;-;-;-;-
95912B1818982;Breivika sykkel;EV8 S2D100 m29;2022-07-01T00:00+02:00;2022-08-01T00:00+02:00;2022;7;199;173;225;100,0;31;31;0;199;0,0;Totalt;-;-;-;-;-;-;-;-
95912B1818982;Breivika sykkel;EV8 S2D100 m29;2022-08-01T00:00+02:00;2022-09-01T00:00+02:00;2022;8;131;109;153;100,0;31;31;0;131;0,0;1;-;-;-;-;-;-;-;-
95912B1818982;Breivika sykkel;EV8 S2D100 m29;2022-08-01T00:00+02:00;2022-09-01T00:00+02:00;2022;8;117;97;137;100,0;31;31;0;117;0,0;2;-;-;-;-;-;-;-;-
95912B1818982;Breivika sykkel;EV8 S2D100 m29;2022-08-01T00:00+02:00;2022-09-01T00:00+02:00;2022;8;131;109;153;100,0;31;31;0;131;0,0;Totalt i retning Breivika VGS;-;-;-;-;-;-;-;-
95912B1818982;Breivika sykkel;EV8 S2D100 m29;2022-08-01T00:00+02:00;2022-09-01T00:00+02:00;2022;8;117;97;137;100,0;31;31;0;117;0,0;Totalt i retning Terjevika;-;-;-;-;-;-;-;-
95912B1818982;Breivika sykkel;EV8 S2D100 m29;2022-08-01T00:00+02:00;2022-09-01T00:00+02:00;2022;8;248;207;289;100,0;31;31;0;248;0,0;Totalt;-;-;-;-;-;-;-;-
95912B1818982;Breivika sykkel;EV8 S2D100 m29;2022-09-01T00:00+02:00;2022-10-01T00:00+02:00;2022;9;142;121;163;100,0;30;30;0;142;0,0;1;-;-;-;-;-;-;-;-
95912B1818982;Breivika sykkel;EV8 S2D100 m29;2022-09-01T00:00+02:00;2022-10-01T00:00+02:00;2022;9;126;106;146;100,0;30;30;0;126;0,0;2;-;-;-;-;-;-;-;-
95912B1818982;Breivika sykkel;EV8 S2D100 m29;2022-09-01T00:00+02:00;2022-10-01T00:00+02:00;2022;9;142;121;163;100,0;30;30;0;142;0,0;Totalt i retning Breivika VGS;-;-;-;-;-;-;-;-
95912B1818982;Breivika sykkel;EV8 S2D100 m29;2022-09-01T00:00+02:00;2022-10-01T00:00+02:00;2022;9;126;106;146;100,0;30;30;0;126;0,0;Totalt i retning Terjevika;-;-;-;-;-;-;-;-
95912B1818982;Breivika sykkel;EV8 S2D100 m29;2022-09-01T00:00+02:00;2022-10-01T00:00+02:00;2022;9;268;227;309;100,0;30;30;0;268;0,0;Totalt;-;-;-;-;-;-;-;-
95912B1818982;Breivika sykkel;EV8 S2D100 m29;2022-10-01T00:00+02:00;2022-11-01T00:00+01:00;2022;10;90;72;108;100,0;31;31;0;90;0,0;1;-;-;-;-;-;-;-;-
95912B1818982;Breivika sykkel;EV8 S2D100 m29;2022-10-01T00:00+02:00;2022-11-01T00:00+01:00;2022;10;78;62;94;100,0;31;31;0;78;0,0;2;-;-;-;-;-;-;-;-
95912B1818982;Breivika sykkel;EV8 S2D100 m29;2022-10-01T00:00+02:00;2022-11-01T00:00+01:00;2022;10;90;72;108;100,0;31;31;0;90;0,0;Totalt i retning Breivika VGS;-;-;-;-;-;-;-;-
95912B1818982;Breivika sykkel;EV8 S2D100 m29;2022-10-01T00:00+02:00;2022-11-01T00:00+01:00;2022;10;78;62;94;100,0;31;31;0;78;0,0;Totalt i retning Terjevika;-;-;-;-;-;-;-;-
95912B1818982;Breivika sykkel;EV8 S2D100 m29;2022-10-01T00:00+02:00;2022-11-01T00:00+01:00;2022;10;168;134;202;100,0;31;31;0;168;0,0;Totalt;-;-;-;-;-;-;-;-
95912B1818982;Breivika sykkel;EV8 S2D100 m29;2022-11-01T00:00+01:00;2022-12-01T00:00+01:00;2022;11;80;66;94;99,9;30;30;0;80;0,0;1;-;-;-;-;-;-;-;-
95912B1818982;Breivika sykkel;EV8 S2D100 m29;2022-11-01T00:00+01:00;2022-12-01T00:00+01:00;2022;11;69;57;81;99,9;30;30;0;69;0,0;2;-;-;-;-;-;-;-;-
95912B1818982;Breivika sykkel;EV8 S2D100 m29;2022-11-01T00:00+01:00;2022-12-01T00:00+01:00;2022;11;80;66;94;99,9;30;30;0;80;0,0;Totalt i retning Breivika VGS;-;-;-;-;-;-;-;-
95912B1818982;Breivika sykkel;EV8 S2D100 m29;2022-11-01T00:00+01:00;2022-12-01T00:00+01:00;2022;11;69;57;81;99,9;30;30;0;69;0,0;Totalt i retning Terjevika;-;-;-;-;-;-;-;-
95912B1818982;Breivika sykkel;EV8 S2D100 m29;2022-11-01T00:00+01:00;2022-12-01T00:00+01:00;2022;11;149;123;175;99,9;30;30;0;149;0,0;Totalt;-;-;-;-;-;-;-;-
95912B1818982;Breivika sykkel;EV8 S2D100 m29;2022-12-01T00:00+01:00;2023-01-01T00:00+01:00;2022;12;49;38;60;100,0;31;31;0;49;0,0;1;-;-;-;-;-;-;-;-
95912B1818982;Breivika sykkel;EV8 S2D100 m29;2022-12-01T00:00+01:00;2023-01-01T00:00+01:00;2022;12;42;33;51;100,0;31;31;0;42;0,0;2;-;-;-;-;-;-;-;-
95912B1818982;Breivika sykkel;EV8 S2D100 m29;2022-12-01T00:00+01:00;2023-01-01T00:00+01:00;2022;12;49;38;60;100,0;31;31;0;49;0,0;Totalt i retning Breivika VGS;-;-;-;-;-;-;-;-
95912B1818982;Breivika sykkel;EV8 S2D100 m29;2022-12-01T00:00+01:00;2023-01-01T00:00+01:00;2022;12;42;33;51;100,0;31;31;0;42;0,0;Totalt i retning Terjevika;-;-;-;-;-;-;-;-
95912B1818982;Breivika sykkel;EV8 S2D100 m29;2022-12-01T00:00+01:00;2023-01-01T00:00+01:00;2022;12;91;71;111;100,0;31;31;0;91;0,0;Totalt;-;-;-;-;-;-;-;-
95912B1818982;Breivika sykkel;EV8 S2D100 m29;2023-01-01T00:00+01:00;2023-02-01T00:00+01:00;2023;1;75;60;90;100,0;31;31;0;75;0,0;1;-;-;-;-;-;-;-;-
95912B1818982;Breivika sykkel;EV8 S2D100 m29;2023-01-01T00:00+01:00;2023-02-01T00:00+01:00;2023;1;52;42;62;100,0;31;31;0;52;0,0;2;-;-;-;-;-;-;-;-
95912B1818982;Breivika sykkel;EV8 S2D100 m29;2023-01-01T00:00+01:00;2023-02-01T00:00+01:00;2023;1;75;60;90;100,0;31;31;0;75;0,0;Totalt i retning Breivika VGS;-;-;-;-;-;-;-;-
95912B1818982;Breivika sykkel;EV8 S2D100 m29;2023-01-01T00:00+01:00;2023-02-01T00:00+01:00;2023;1;52;42;62;100,0;31;31;0;52;0,0;Totalt i retning Terjevika;-;-;-;-;-;-;-;-
95912B1818982;Breivika sykkel;EV8 S2D100 m29;2023-01-01T00:00+01:00;2023-02-01T00:00+01:00;2023;1;126;101;151;100,0;31;31;0;126;0,0;Totalt;-;-;-;-;-;-;-;-
95912B1818982;Breivika sykkel;EV8 S2D100 m29;2023-02-01T00:00+01:00;2023-03-01T00:00+01:00;2023;2;62;48;76;100,0;28;28;0;62;0,0;1;-;-;-;-;-;-;-;-
95912B1818982;Breivika sykkel;EV8 S2D100 m29;2023-02-01T00:00+01:00;2023-03-01T00:00+01:00;2023;2;47;37;57;100,0;28;28;0;47;0,0;2;-;-;-;-;-;-;-;-
95912B1818982;Breivika sykkel;EV8 S2D100 m29;2023-02-01T00:00+01:00;2023-03-01T00:00+01:00;2023;2;62;48;76;100,0;28;28;0;62;0,0;Totalt i retning Breivika VGS;-;-;-;-;-;-;-;-
95912B1818982;Breivika sykkel;EV8 S2D100 m29;2023-02-01T00:00+01:00;2023-03-01T00:00+01:00;2023;2;47;37;57;100,0;28;28;0;47;0,0;Totalt i retning Terjevika;-;-;-;-;-;-;-;-
95912B1818982;Breivika sykkel;EV8 S2D100 m29;2023-02-01T00:00+01:00;2023-03-01T00:00+01:00;2023;2;109;84;134;100,0;28;28;0;109;0,0;Totalt;-;-;-;-;-;-;-;-
95912B1818982;Breivika sykkel;EV8 S2D100 m29;2023-03-01T00:00+01:00;2023-04-01T00:00+02:00;2023;3;56;45;67;100,0;31;31;0;56;0,0;1;-;-;-;-;-;-;-;-
95912B1818982;Breivika sykkel;EV8 S2D100 m29;2023-03-01T00:00+01:00;2023-04-01T00:00+02:00;2023;3;26;20;32;100,0;31;31;0;26;0,0;2;-;-;-;-;-;-;-;-
95912B1818982;Breivika sykkel;EV8 S2D100 m29;2023-03-01T00:00+01:00;2023-04-01T00:00+02:00;2023;3;56;45;67;100,0;31;31;0;56;0,0;Totalt i retning Breivika VGS;-;-;-;-;-;-;-;-
95912B1818982;Breivika sykkel;EV8 S2D100 m29;2023-03-01T00:00+01:00;2023-04-01T00:00+02:00;2023;3;26;20;32;100,0;31;31;0;26;0,0;Totalt i retning Terjevika;-;-;-;-;-;-;-;-
95912B1818982;Breivika sykkel;EV8 S2D100 m29;2023-03-01T00:00+01:00;2023-04-01T00:00+02:00;2023;3;83;67;99;100,0;31;31;0;83;0,0;Totalt;-;-;-;-;-;-;-;-
95912B1818982;Breivika sykkel;EV8 S2D100 m29;2023-04-01T00:00+02:00;2023-05-01T00:00+02:00;2023;4;73;53;93;100,0;30;30;0;73;0,0;1;-;-;-;-;-;-;-;-
95912B1818982;Breivika sykkel;EV8 S2D100 m29;2023-04-01T00:00+02:00;2023-05-01T00:00+02:00;2023;4;65;46;84;100,0;30;30;0;65;0,0;2;-;-;-;-;-;-;-;-
95912B1818982;Breivika sykkel;EV8 S2D100 m29;2023-04-01T00:00+02:00;2023-05-01T00:00+02:00;2023;4;73;53;93;100,0;30;30;0;73;0,0;Totalt i retning Breivika VGS;-;-;-;-;-;-;-;-
95912B1818982;Breivika sykkel;EV8 S2D100 m29;2023-04-01T00:00+02:00;2023-05-01T00:00+02:00;2023;4;65;46;84;100,0;30;30;0;65;0,0;Totalt i retning Terjevika;-;-;-;-;-;-;-;-
95912B1818982;Breivika sykkel;EV8 S2D100 m29;2023-04-01T00:00+02:00;2023-05-01T00:00+02:00;2023;4;137;98;176;100,0;30;30;0;137;0,0;Totalt;-;-;-;-;-;-;-;-
95912B1818982;Breivika sykkel;EV8 S2D100 m29;2023-05-01T00:00+02:00;2023-06-01T00:00+02:00;2023;5;116;96;136;100,0;31;31;0;116;0,0;1;-;-;-;-;-;-;-;-
95912B1818982;Breivika sykkel;EV8 S2D100 m29;2023-05-01T00:00+02:00;2023-06-01T00:00+02:00;2023;5;101;82;120;100,0;31;31;0;101;0,0;2;-;-;-;-;-;-;-;-
95912B1818982;Breivika sykkel;EV8 S2D100 m29;2023-05-01T00:00+02:00;2023-06-01T00:00+02:00;2023;5;116;96;136;100,0;31;31;0;116;0,0;Totalt i retning Breivika VGS;-;-;-;-;-;-;-;-
95912B1818982;Breivika sykkel;EV8 S2D100 m29;2023-05-01T00:00+02:00;2023-06-01T00:00+02:00;2023;5;101;82;120;100,0;31;31;0;101;0,0;Totalt i retning Terjevika;-;-;-;-;-;-;-;-
95912B1818982;Breivika sykkel;EV8 S2D100 m29;2023-05-01T00:00+02:00;2023-06-01T00:00+02:00;2023;5;217;178;256;100,0;31;31;0;217;0,0;Totalt;-;-;-;-;-;-;-;-